,prob_s,comp_factor,Intervention strategy,name,q_y,q_a,q_o,q_ya,q_ao,q_yo,color,R0,si_eff
0,1,0.0,0,Self-isolation (SI),0.0,0.0,0.0,0.0,0.0,0.0,#8C9EDE,2.300000000000006,0.0
1,1,0.0,1,SI and 60+ social distancing (SD),0.0,0.0,0.5,0.0,0.7,0.9,#65C8D0,2.210486609491082,0.0
2,1,0.0,2,SI; 25-59 and 60+ SD,0.0,0.5,0.5,0.0,0.7,0.9,#00767B,2.03969292908194,0.0
3,1,0.0,3,SI; 0-24 and 60+ SD,0.7,0.0,0.5,0.2,0.7,0.9,#285C9F,1.5865817865823484,0.0
4,1,0.0,4,"SI; 0-24, 25-59 and 60+ SD",0.7,0.5,0.5,0.2,0.7,0.9,#04375E,1.168055160372239,0.0
5,1,0.0,5,SI and no 60+ contacts,0.0,0.0,1.0,0.0,1.0,1.0,#770000,2.206154418985939,0.0
6,1,0.01,0,Self-isolation (SI),0.0,0.0,0.0,0.0,0.0,0.0,#8C9EDE,2.277000000000001,0.010000000000000009
7,1,0.01,1,SI and 60+ social distancing (SD),0.0,0.0,0.5,0.0,0.7,0.9,#65C8D0,2.1883817433961688,0.010000000000000009
8,1,0.01,2,SI; 25-59 and 60+ SD,0.0,0.5,0.5,0.0,0.7,0.9,#00767B,2.0192959997911175,0.010000000000000009
9,1,0.01,3,SI; 0-24 and 60+ SD,0.7,0.0,0.5,0.2,0.7,0.9,#285C9F,1.570715968716524,0.010000000000000009
10,1,0.01,4,"SI; 0-24, 25-59 and 60+ SD",0.7,0.5,0.5,0.2,0.7,0.9,#04375E,1.1563746087685167,0.010000000000000009
11,1,0.01,5,SI and no 60+ contacts,0.0,0.0,1.0,0.0,1.0,1.0,#770000,2.1840928747960797,0.010000000000000009
12,1,0.02,0,Self-isolation (SI),0.0,0.0,0.0,0.0,0.0,0.0,#8C9EDE,2.2540000000000013,0.020000000000000018
13,1,0.02,1,SI and 60+ social distancing (SD),0.0,0.0,0.5,0.0,0.7,0.9,#65C8D0,2.16627687730126,0.020000000000000018
14,1,0.02,2,SI; 25-59 and 60+ SD,0.0,0.5,0.5,0.0,0.7,0.9,#00767B,1.9988990705002994,0.020000000000000018
15,1,0.02,3,SI; 0-24 and 60+ SD,0.7,0.0,0.5,0.2,0.7,0.9,#285C9F,1.5548501508507018,0.020000000000000018
16,1,0.02,4,"SI; 0-24, 25-59 and 60+ SD",0.7,0.5,0.5,0.2,0.7,0.9,#04375E,1.1446940571647948,0.020000000000000018
17,1,0.02,5,SI and no 60+ contacts,0.0,0.0,1.0,0.0,1.0,1.0,#770000,2.162031330606224,0.020000000000000018
18,1,0.03,0,Self-isolation (SI),0.0,0.0,0.0,0.0,0.0,0.0,#8C9EDE,2.230999999999997,0.030000000000000027
19,1,0.03,1,SI and 60+ social distancing (SD),0.0,0.0,0.5,0.0,0.7,0.9,#65C8D0,2.1441720112063463,0.030000000000000027
20,1,0.03,2,SI; 25-59 and 60+ SD,0.0,0.5,0.5,0.0,0.7,0.9,#00767B,1.978502141209478,0.030000000000000027
21,1,0.03,3,SI; 0-24 and 60+ SD,0.7,0.0,0.5,0.2,0.7,0.9,#285C9F,1.5389843329848767,0.030000000000000027
22,1,0.03,4,"SI; 0-24, 25-59 and 60+ SD",0.7,0.5,0.5,0.2,0.7,0.9,#04375E,1.1330135055610717,0.030000000000000027
23,1,0.03,5,SI and no 60+ contacts,0.0,0.0,1.0,0.0,1.0,1.0,#770000,2.1399697864163567,0.030000000000000027
24,1,0.04,0,Self-isolation (SI),0.0,0.0,0.0,0.0,0.0,0.0,#8C9EDE,2.208000000000003,0.040000000000000036
25,1,0.04,1,SI and 60+ social distancing (SD),0.0,0.0,0.5,0.0,0.7,0.9,#65C8D0,2.122067145111439,0.040000000000000036
26,1,0.04,2,SI; 25-59 and 60+ SD,0.0,0.5,0.5,0.0,0.7,0.9,#00767B,1.9581052119186622,0.040000000000000036
27,1,0.04,3,SI; 0-24 and 60+ SD,0.7,0.0,0.5,0.2,0.7,0.9,#285C9F,1.5231185151190538,0.040000000000000036
28,1,0.04,4,"SI; 0-24, 25-59 and 60+ SD",0.7,0.5,0.5,0.2,0.7,0.9,#04375E,1.1213329539573498,0.040000000000000036
29,1,0.04,5,SI and no 60+ contacts,0.0,0.0,1.0,0.0,1.0,1.0,#770000,2.1179082422265054,0.040000000000000036
30,1,0.05,0,Self-isolation (SI),0.0,0.0,0.0,0.0,0.0,0.0,#8C9EDE,2.185000000000005,0.050000000000000044
31,1,0.05,1,SI and 60+ social distancing (SD),0.0,0.0,0.5,0.0,0.7,0.9,#65C8D0,2.099962279016524,0.050000000000000044
32,1,0.05,2,SI; 25-59 and 60+ SD,0.0,0.5,0.5,0.0,0.7,0.9,#00767B,1.9377082826278402,0.050000000000000044
33,1,0.05,3,SI; 0-24 and 60+ SD,0.7,0.0,0.5,0.2,0.7,0.9,#285C9F,1.50725269725323,0.050000000000000044
34,1,0.05,4,"SI; 0-24, 25-59 and 60+ SD",0.7,0.5,0.5,0.2,0.7,0.9,#04375E,1.1096524023536274,0.050000000000000044
35,1,0.05,5,SI and no 60+ contacts,0.0,0.0,1.0,0.0,1.0,1.0,#770000,2.0958466980366426,0.050000000000000044
36,1,0.06,0,Self-isolation (SI),0.0,0.0,0.0,0.0,0.0,0.0,#8C9EDE,2.1620000000000013,0.06000000000000005
37,1,0.06,1,SI and 60+ social distancing (SD),0.0,0.0,0.5,0.0,0.7,0.9,#65C8D0,2.077857412921615,0.06000000000000005
38,1,0.06,2,SI; 25-59 and 60+ SD,0.0,0.5,0.5,0.0,0.7,0.9,#00767B,1.9173113533370232,0.06000000000000005
39,1,0.06,3,SI; 0-24 and 60+ SD,0.7,0.0,0.5,0.2,0.7,0.9,#285C9F,1.4913868793874068,0.06000000000000005
40,1,0.06,4,"SI; 0-24, 25-59 and 60+ SD",0.7,0.5,0.5,0.2,0.7,0.9,#04375E,1.0979718507499037,0.06000000000000005
41,1,0.06,5,SI and no 60+ contacts,0.0,0.0,1.0,0.0,1.0,1.0,#770000,2.073785153846785,0.06000000000000005
42,1,0.07,0,Self-isolation (SI),0.0,0.0,0.0,0.0,0.0,0.0,#8C9EDE,2.1390000000000047,0.07000000000000006
43,1,0.07,1,SI and 60+ social distancing (SD),0.0,0.0,0.5,0.0,0.7,0.9,#65C8D0,2.055752546826705,0.07000000000000006
44,1,0.07,2,SI; 25-59 and 60+ SD,0.0,0.5,0.5,0.0,0.7,0.9,#00767B,1.8969144240462041,0.07000000000000006
45,1,0.07,3,SI; 0-24 and 60+ SD,0.7,0.0,0.5,0.2,0.7,0.9,#285C9F,1.4755210615215837,0.07000000000000006
46,1,0.07,4,"SI; 0-24, 25-59 and 60+ SD",0.7,0.5,0.5,0.2,0.7,0.9,#04375E,1.086291299146183,0.07000000000000006
47,1,0.07,5,SI and no 60+ contacts,0.0,0.0,1.0,0.0,1.0,1.0,#770000,2.0517236096569227,0.07000000000000006
48,1,0.08,0,Self-isolation (SI),0.0,0.0,0.0,0.0,0.0,0.0,#8C9EDE,2.116000000000005,0.07999999999999996
49,1,0.08,1,SI and 60+ social distancing (SD),0.0,0.0,0.5,0.0,0.7,0.9,#65C8D0,2.033647680731793,0.07999999999999996
50,1,0.08,2,SI; 25-59 and 60+ SD,0.0,0.5,0.5,0.0,0.7,0.9,#00767B,1.8765174947553853,0.07999999999999996
51,1,0.08,3,SI; 0-24 and 60+ SD,0.7,0.0,0.5,0.2,0.7,0.9,#285C9F,1.4596552436557597,0.07999999999999996
52,1,0.08,4,"SI; 0-24, 25-59 and 60+ SD",0.7,0.5,0.5,0.2,0.7,0.9,#04375E,1.0746107475424596,0.07999999999999996
53,1,0.08,5,SI and no 60+ contacts,0.0,0.0,1.0,0.0,1.0,1.0,#770000,2.029662065467064,0.07999999999999996
54,1,0.09,0,Self-isolation (SI),0.0,0.0,0.0,0.0,0.0,0.0,#8C9EDE,2.0930000000000035,0.08999999999999997
55,1,0.09,1,SI and 60+ social distancing (SD),0.0,0.0,0.5,0.0,0.7,0.9,#65C8D0,2.011542814636883,0.08999999999999997
56,1,0.09,2,SI; 25-59 and 60+ SD,0.0,0.5,0.5,0.0,0.7,0.9,#00767B,1.8561205654645652,0.08999999999999997
57,1,0.09,3,SI; 0-24 and 60+ SD,0.7,0.0,0.5,0.2,0.7,0.9,#285C9F,1.4437894257899373,0.08999999999999997
58,1,0.09,4,"SI; 0-24, 25-59 and 60+ SD",0.7,0.5,0.5,0.2,0.7,0.9,#04375E,1.0629301959387374,0.08999999999999997
59,1,0.09,5,SI and no 60+ contacts,0.0,0.0,1.0,0.0,1.0,1.0,#770000,2.0076005212772063,0.08999999999999997
60,1,0.1,0,Self-isolation (SI),0.0,0.0,0.0,0.0,0.0,0.0,#8C9EDE,2.070000000000002,0.09999999999999998
61,1,0.1,1,SI and 60+ social distancing (SD),0.0,0.0,0.5,0.0,0.7,0.9,#65C8D0,1.9894379485419749,0.09999999999999998
62,1,0.1,2,SI; 25-59 and 60+ SD,0.0,0.5,0.5,0.0,0.7,0.9,#00767B,1.835723636173745,0.09999999999999998
63,1,0.1,3,SI; 0-24 and 60+ SD,0.7,0.0,0.5,0.2,0.7,0.9,#285C9F,1.4279236079241135,0.09999999999999998
64,1,0.1,4,"SI; 0-24, 25-59 and 60+ SD",0.7,0.5,0.5,0.2,0.7,0.9,#04375E,1.0512496443350154,0.09999999999999998
65,1,0.1,5,SI and no 60+ contacts,0.0,0.0,1.0,0.0,1.0,1.0,#770000,1.9855389770873482,0.09999999999999998
66,1,0.11,0,Self-isolation (SI),0.0,0.0,0.0,0.0,0.0,0.0,#8C9EDE,2.0470000000000037,0.10999999999999999
67,1,0.11,1,SI and 60+ social distancing (SD),0.0,0.0,0.5,0.0,0.7,0.9,#65C8D0,1.9673330824470623,0.10999999999999999
68,1,0.11,2,SI; 25-59 and 60+ SD,0.0,0.5,0.5,0.0,0.7,0.9,#00767B,1.8153267068829295,0.10999999999999999
69,1,0.11,3,SI; 0-24 and 60+ SD,0.7,0.0,0.5,0.2,0.7,0.9,#285C9F,1.4120577900582905,0.10999999999999999
70,1,0.11,4,"SI; 0-24, 25-59 and 60+ SD",0.7,0.5,0.5,0.2,0.7,0.9,#04375E,1.039569092731293,0.10999999999999999
71,1,0.11,5,SI and no 60+ contacts,0.0,0.0,1.0,0.0,1.0,1.0,#770000,1.9634774328974882,0.10999999999999999
72,1,0.12,0,Self-isolation (SI),0.0,0.0,0.0,0.0,0.0,0.0,#8C9EDE,2.0240000000000027,0.12
73,1,0.12,1,SI and 60+ social distancing (SD),0.0,0.0,0.5,0.0,0.7,0.9,#65C8D0,1.9452282163521533,0.12
74,1,0.12,2,SI; 25-59 and 60+ SD,0.0,0.5,0.5,0.0,0.7,0.9,#00767B,1.794929777592111,0.12
75,1,0.12,3,SI; 0-24 and 60+ SD,0.7,0.0,0.5,0.2,0.7,0.9,#285C9F,1.3961919721924676,0.12
76,1,0.12,4,"SI; 0-24, 25-59 and 60+ SD",0.7,0.5,0.5,0.2,0.7,0.9,#04375E,1.0278885411275709,0.12
77,1,0.12,5,SI and no 60+ contacts,0.0,0.0,1.0,0.0,1.0,1.0,#770000,1.9414158887076274,0.12
78,1,0.13,0,Self-isolation (SI),0.0,0.0,0.0,0.0,0.0,0.0,#8C9EDE,2.0010000000000026,0.13
79,1,0.13,1,SI and 60+ social distancing (SD),0.0,0.0,0.5,0.0,0.7,0.9,#65C8D0,1.9231233502572425,0.13
80,1,0.13,2,SI; 25-59 and 60+ SD,0.0,0.5,0.5,0.0,0.7,0.9,#00767B,1.7745328483012879,0.13
81,1,0.13,3,SI; 0-24 and 60+ SD,0.7,0.0,0.5,0.2,0.7,0.9,#285C9F,1.3803261543266425,0.13
82,1,0.13,4,"SI; 0-24, 25-59 and 60+ SD",0.7,0.5,0.5,0.2,0.7,0.9,#04375E,1.0162079895238485,0.13
83,1,0.13,5,SI and no 60+ contacts,0.0,0.0,1.0,0.0,1.0,1.0,#770000,1.9193543445177688,0.13
84,1,0.14,0,Self-isolation (SI),0.0,0.0,0.0,0.0,0.0,0.0,#8C9EDE,1.9780000000000015,0.14
85,1,0.14,1,SI and 60+ social distancing (SD),0.0,0.0,0.5,0.0,0.7,0.9,#65C8D0,1.9010184841623319,0.14
86,1,0.14,2,SI; 25-59 and 60+ SD,0.0,0.5,0.5,0.0,0.7,0.9,#00767B,1.754135919010468,0.14
87,1,0.14,3,SI; 0-24 and 60+ SD,0.7,0.0,0.5,0.2,0.7,0.9,#285C9F,1.3644603364608199,0.14
88,1,0.14,4,"SI; 0-24, 25-59 and 60+ SD",0.7,0.5,0.5,0.2,0.7,0.9,#04375E,1.0045274379201257,0.14
89,1,0.14,5,SI and no 60+ contacts,0.0,0.0,1.0,0.0,1.0,1.0,#770000,1.8972928003279108,0.14
90,1,0.15,0,Self-isolation (SI),0.0,0.0,0.0,0.0,0.0,0.0,#8C9EDE,1.9550000000000018,0.15000000000000002
91,1,0.15,1,SI and 60+ social distancing (SD),0.0,0.0,0.5,0.0,0.7,0.9,#65C8D0,1.8789136180674222,0.15000000000000002
92,1,0.15,2,SI; 25-59 and 60+ SD,0.0,0.5,0.5,0.0,0.7,0.9,#00767B,1.73373898971965,0.15000000000000002
93,1,0.15,3,SI; 0-24 and 60+ SD,0.7,0.0,0.5,0.2,0.7,0.9,#285C9F,1.3485945185949948,0.15000000000000002
94,1,0.15,4,"SI; 0-24, 25-59 and 60+ SD",0.7,0.5,0.5,0.2,0.7,0.9,#04375E,0.9928468863164024,0.15000000000000002
95,1,0.15,5,SI and no 60+ contacts,0.0,0.0,1.0,0.0,1.0,1.0,#770000,1.8752312561380493,0.15000000000000002
96,1,0.16,0,Self-isolation (SI),0.0,0.0,0.0,0.0,0.0,0.0,#8C9EDE,1.9320000000000028,0.16000000000000003
97,1,0.16,1,SI and 60+ social distancing (SD),0.0,0.0,0.5,0.0,0.7,0.9,#65C8D0,1.8568087519725118,0.16000000000000003
98,1,0.16,2,SI; 25-59 and 60+ SD,0.0,0.5,0.5,0.0,0.7,0.9,#00767B,1.7133420604288285,0.16000000000000003
99,1,0.16,3,SI; 0-24 and 60+ SD,0.7,0.0,0.5,0.2,0.7,0.9,#285C9F,1.3327287007291728,0.16000000000000003
100,1,0.16,4,"SI; 0-24, 25-59 and 60+ SD",0.7,0.5,0.5,0.2,0.7,0.9,#04375E,0.9811663347126808,0.16000000000000003
101,1,0.16,5,SI and no 60+ contacts,0.0,0.0,1.0,0.0,1.0,1.0,#770000,1.853169711948191,0.16000000000000003
102,1,0.17,0,Self-isolation (SI),0.0,0.0,0.0,0.0,0.0,0.0,#8C9EDE,1.9090000000000025,0.17000000000000004
103,1,0.17,1,SI and 60+ social distancing (SD),0.0,0.0,0.5,0.0,0.7,0.9,#65C8D0,1.834703885877598,0.17000000000000004
104,1,0.17,2,SI; 25-59 and 60+ SD,0.0,0.5,0.5,0.0,0.7,0.9,#00767B,1.6929451311380106,0.17000000000000004
105,1,0.17,3,SI; 0-24 and 60+ SD,0.7,0.0,0.5,0.2,0.7,0.9,#285C9F,1.3168628828633482,0.17000000000000004
106,1,0.17,4,"SI; 0-24, 25-59 and 60+ SD",0.7,0.5,0.5,0.2,0.7,0.9,#04375E,0.9694857831089589,0.17000000000000004
107,1,0.17,5,SI and no 60+ contacts,0.0,0.0,1.0,0.0,1.0,1.0,#770000,1.8311081677583303,0.17000000000000004
108,1,0.18,0,Self-isolation (SI),0.0,0.0,0.0,0.0,0.0,0.0,#8C9EDE,1.8860000000000046,0.17999999999999994
109,1,0.18,1,SI and 60+ social distancing (SD),0.0,0.0,0.5,0.0,0.7,0.9,#65C8D0,1.8125990197826862,0.17999999999999994
110,1,0.18,2,SI; 25-59 and 60+ SD,0.0,0.5,0.5,0.0,0.7,0.9,#00767B,1.67254820184719,0.17999999999999994
111,1,0.18,3,SI; 0-24 and 60+ SD,0.7,0.0,0.5,0.2,0.7,0.9,#285C9F,1.3009970649975262,0.17999999999999994
112,1,0.18,4,"SI; 0-24, 25-59 and 60+ SD",0.7,0.5,0.5,0.2,0.7,0.9,#04375E,0.9578052315052363,0.17999999999999994
113,1,0.18,5,SI and no 60+ contacts,0.0,0.0,1.0,0.0,1.0,1.0,#770000,1.8090466235684728,0.17999999999999994
114,1,0.19,0,Self-isolation (SI),0.0,0.0,0.0,0.0,0.0,0.0,#8C9EDE,1.8630000000000027,0.18999999999999995
115,1,0.19,1,SI and 60+ social distancing (SD),0.0,0.0,0.5,0.0,0.7,0.9,#65C8D0,1.790494153687774,0.18999999999999995
116,1,0.19,2,SI; 25-59 and 60+ SD,0.0,0.5,0.5,0.0,0.7,0.9,#00767B,1.6521512725563703,0.18999999999999995
117,1,0.19,3,SI; 0-24 and 60+ SD,0.7,0.0,0.5,0.2,0.7,0.9,#285C9F,1.285131247131703,0.18999999999999995
118,1,0.19,4,"SI; 0-24, 25-59 and 60+ SD",0.7,0.5,0.5,0.2,0.7,0.9,#04375E,0.9461246799015135,0.18999999999999995
119,1,0.19,5,SI and no 60+ contacts,0.0,0.0,1.0,0.0,1.0,1.0,#770000,1.7869850793786144,0.18999999999999995
120,1,0.2,0,Self-isolation (SI),0.0,0.0,0.0,0.0,0.0,0.0,#8C9EDE,1.840000000000003,0.19999999999999996
121,1,0.2,1,SI and 60+ social distancing (SD),0.0,0.0,0.5,0.0,0.7,0.9,#65C8D0,1.768389287592864,0.19999999999999996
122,1,0.2,2,SI; 25-59 and 60+ SD,0.0,0.5,0.5,0.0,0.7,0.9,#00767B,1.6317543432655546,0.19999999999999996
123,1,0.2,3,SI; 0-24 and 60+ SD,0.7,0.0,0.5,0.2,0.7,0.9,#285C9F,1.2692654292658774,0.19999999999999996
124,1,0.2,4,"SI; 0-24, 25-59 and 60+ SD",0.7,0.5,0.5,0.2,0.7,0.9,#04375E,0.9344441282977909,0.19999999999999996
125,1,0.2,5,SI and no 60+ contacts,0.0,0.0,1.0,0.0,1.0,1.0,#770000,1.7649235351887538,0.19999999999999996
126,1,0.21,0,Self-isolation (SI),0.0,0.0,0.0,0.0,0.0,0.0,#8C9EDE,1.8170000000000033,0.20999999999999996
127,1,0.21,1,SI and 60+ social distancing (SD),0.0,0.0,0.5,0.0,0.7,0.9,#65C8D0,1.7462844214979552,0.20999999999999996
128,1,0.21,2,SI; 25-59 and 60+ SD,0.0,0.5,0.5,0.0,0.7,0.9,#00767B,1.6113574139747333,0.20999999999999996
129,1,0.21,3,SI; 0-24 and 60+ SD,0.7,0.0,0.5,0.2,0.7,0.9,#285C9F,1.2533996114000563,0.20999999999999996
130,1,0.21,4,"SI; 0-24, 25-59 and 60+ SD",0.7,0.5,0.5,0.2,0.7,0.9,#04375E,0.9227635766940687,0.20999999999999996
131,1,0.21,5,SI and no 60+ contacts,0.0,0.0,1.0,0.0,1.0,1.0,#770000,1.742861990998893,0.20999999999999996
132,1,0.22,0,Self-isolation (SI),0.0,0.0,0.0,0.0,0.0,0.0,#8C9EDE,1.7940000000000036,0.21999999999999997
133,1,0.22,1,SI and 60+ social distancing (SD),0.0,0.0,0.5,0.0,0.7,0.9,#65C8D0,1.7241795554030455,0.21999999999999997
134,1,0.22,2,SI; 25-59 and 60+ SD,0.0,0.5,0.5,0.0,0.7,0.9,#00767B,1.5909604846839138,0.21999999999999997
135,1,0.22,3,SI; 0-24 and 60+ SD,0.7,0.0,0.5,0.2,0.7,0.9,#285C9F,1.2375337935342312,0.21999999999999997
136,1,0.22,4,"SI; 0-24, 25-59 and 60+ SD",0.7,0.5,0.5,0.2,0.7,0.9,#04375E,0.9110830250903469,0.21999999999999997
137,1,0.22,5,SI and no 60+ contacts,0.0,0.0,1.0,0.0,1.0,1.0,#770000,1.7208004468090343,0.21999999999999997
138,1,0.23,0,Self-isolation (SI),0.0,0.0,0.0,0.0,0.0,0.0,#8C9EDE,1.7710000000000066,0.22999999999999998
139,1,0.23,1,SI and 60+ social distancing (SD),0.0,0.0,0.5,0.0,0.7,0.9,#65C8D0,1.7020746893081329,0.22999999999999998
140,1,0.23,2,SI; 25-59 and 60+ SD,0.0,0.5,0.5,0.0,0.7,0.9,#00767B,1.5705635553930952,0.22999999999999998
141,1,0.23,3,SI; 0-24 and 60+ SD,0.7,0.0,0.5,0.2,0.7,0.9,#285C9F,1.221667975668408,0.22999999999999998
142,1,0.23,4,"SI; 0-24, 25-59 and 60+ SD",0.7,0.5,0.5,0.2,0.7,0.9,#04375E,0.8994024734866245,0.22999999999999998
143,1,0.23,5,SI and no 60+ contacts,0.0,0.0,1.0,0.0,1.0,1.0,#770000,1.6987389026191755,0.22999999999999998
144,1,0.24,0,Self-isolation (SI),0.0,0.0,0.0,0.0,0.0,0.0,#8C9EDE,1.7480000000000047,0.24
145,1,0.24,1,SI and 60+ social distancing (SD),0.0,0.0,0.5,0.0,0.7,0.9,#65C8D0,1.679969823213222,0.24
146,1,0.24,2,SI; 25-59 and 60+ SD,0.0,0.5,0.5,0.0,0.7,0.9,#00767B,1.5501666261022748,0.24
147,1,0.24,3,SI; 0-24 and 60+ SD,0.7,0.0,0.5,0.2,0.7,0.9,#285C9F,1.2058021578025837,0.24
148,1,0.24,4,"SI; 0-24, 25-59 and 60+ SD",0.7,0.5,0.5,0.2,0.7,0.9,#04375E,0.8877219218829018,0.24
149,1,0.24,5,SI and no 60+ contacts,0.0,0.0,1.0,0.0,1.0,1.0,#770000,1.6766773584293162,0.24
150,1,0.25,0,Self-isolation (SI),0.0,0.0,0.0,0.0,0.0,0.0,#8C9EDE,1.725000000000003,0.25
151,1,0.25,1,SI and 60+ social distancing (SD),0.0,0.0,0.5,0.0,0.7,0.9,#65C8D0,1.6578649571183102,0.25
152,1,0.25,2,SI; 25-59 and 60+ SD,0.0,0.5,0.5,0.0,0.7,0.9,#00767B,1.5297696968114554,0.25
153,1,0.25,3,SI; 0-24 and 60+ SD,0.7,0.0,0.5,0.2,0.7,0.9,#285C9F,1.1899363399367615,0.25
154,1,0.25,4,"SI; 0-24, 25-59 and 60+ SD",0.7,0.5,0.5,0.2,0.7,0.9,#04375E,0.8760413702791792,0.25
155,1,0.25,5,SI and no 60+ contacts,0.0,0.0,1.0,0.0,1.0,1.0,#770000,1.654615814239457,0.25
156,1,0.26,0,Self-isolation (SI),0.0,0.0,0.0,0.0,0.0,0.0,#8C9EDE,1.702000000000004,0.26
157,1,0.26,1,SI and 60+ social distancing (SD),0.0,0.0,0.5,0.0,0.7,0.9,#65C8D0,1.6357600910234038,0.26
158,1,0.26,2,SI; 25-59 and 60+ SD,0.0,0.5,0.5,0.0,0.7,0.9,#00767B,1.5093727675206354,0.26
159,1,0.26,3,SI; 0-24 and 60+ SD,0.7,0.0,0.5,0.2,0.7,0.9,#285C9F,1.174070522070938,0.26
160,1,0.26,4,"SI; 0-24, 25-59 and 60+ SD",0.7,0.5,0.5,0.2,0.7,0.9,#04375E,0.8643608186754568,0.26
161,1,0.26,5,SI and no 60+ contacts,0.0,0.0,1.0,0.0,1.0,1.0,#770000,1.6325542700495967,0.26
162,1,0.27,0,Self-isolation (SI),0.0,0.0,0.0,0.0,0.0,0.0,#8C9EDE,1.6790000000000007,0.27
163,1,0.27,1,SI and 60+ social distancing (SD),0.0,0.0,0.5,0.0,0.7,0.9,#65C8D0,1.6136552249284903,0.27
164,1,0.27,2,SI; 25-59 and 60+ SD,0.0,0.5,0.5,0.0,0.7,0.9,#00767B,1.4889758382298168,0.27
165,1,0.27,3,SI; 0-24 and 60+ SD,0.7,0.0,0.5,0.2,0.7,0.9,#285C9F,1.1582047042051145,0.27
166,1,0.27,4,"SI; 0-24, 25-59 and 60+ SD",0.7,0.5,0.5,0.2,0.7,0.9,#04375E,0.8526802670717349,0.27
167,1,0.27,5,SI and no 60+ contacts,0.0,0.0,1.0,0.0,1.0,1.0,#770000,1.6104927258597357,0.27
168,1,0.28,0,Self-isolation (SI),0.0,0.0,0.0,0.0,0.0,0.0,#8C9EDE,1.656000000000005,0.28
169,1,0.28,1,SI and 60+ social distancing (SD),0.0,0.0,0.5,0.0,0.7,0.9,#65C8D0,1.591550358833578,0.28
170,1,0.28,2,SI; 25-59 and 60+ SD,0.0,0.5,0.5,0.0,0.7,0.9,#00767B,1.4685789089389965,0.28
171,1,0.28,3,SI; 0-24 and 60+ SD,0.7,0.0,0.5,0.2,0.7,0.9,#285C9F,1.1423388863392923,0.28
172,1,0.28,4,"SI; 0-24, 25-59 and 60+ SD",0.7,0.5,0.5,0.2,0.7,0.9,#04375E,0.8409997154680121,0.28
173,1,0.28,5,SI and no 60+ contacts,0.0,0.0,1.0,0.0,1.0,1.0,#770000,1.5884311816698782,0.28
174,1,0.29,0,Self-isolation (SI),0.0,0.0,0.0,0.0,0.0,0.0,#8C9EDE,1.633000000000001,0.29000000000000004
175,1,0.29,1,SI and 60+ social distancing (SD),0.0,0.0,0.5,0.0,0.7,0.9,#65C8D0,1.5694454927386692,0.29000000000000004
176,1,0.29,2,SI; 25-59 and 60+ SD,0.0,0.5,0.5,0.0,0.7,0.9,#00767B,1.448181979648175,0.29000000000000004
177,1,0.29,3,SI; 0-24 and 60+ SD,0.7,0.0,0.5,0.2,0.7,0.9,#285C9F,1.1264730684734685,0.29000000000000004
178,1,0.29,4,"SI; 0-24, 25-59 and 60+ SD",0.7,0.5,0.5,0.2,0.7,0.9,#04375E,0.8293191638642905,0.29000000000000004
179,1,0.29,5,SI and no 60+ contacts,0.0,0.0,1.0,0.0,1.0,1.0,#770000,1.5663696374800198,0.29000000000000004
180,1,0.3,0,Self-isolation (SI),0.0,0.0,0.0,0.0,0.0,0.0,#8C9EDE,1.6100000000000037,0.30000000000000004
181,1,0.3,1,SI and 60+ social distancing (SD),0.0,0.0,0.5,0.0,0.7,0.9,#65C8D0,1.547340626643757,0.30000000000000004
182,1,0.3,2,SI; 25-59 and 60+ SD,0.0,0.5,0.5,0.0,0.7,0.9,#00767B,1.4277850503573581,0.30000000000000004
183,1,0.3,3,SI; 0-24 and 60+ SD,0.7,0.0,0.5,0.2,0.7,0.9,#285C9F,1.1106072506076439,0.30000000000000004
184,1,0.3,4,"SI; 0-24, 25-59 and 60+ SD",0.7,0.5,0.5,0.2,0.7,0.9,#04375E,0.8176386122605671,0.30000000000000004
185,1,0.3,5,SI and no 60+ contacts,0.0,0.0,1.0,0.0,1.0,1.0,#770000,1.5443080932901587,0.30000000000000004
186,1,0.31,0,Self-isolation (SI),0.0,0.0,0.0,0.0,0.0,0.0,#8C9EDE,1.5870000000000009,0.31000000000000005
187,1,0.31,1,SI and 60+ social distancing (SD),0.0,0.0,0.5,0.0,0.7,0.9,#65C8D0,1.5252357605488456,0.31000000000000005
188,1,0.31,2,SI; 25-59 and 60+ SD,0.0,0.5,0.5,0.0,0.7,0.9,#00767B,1.4073881210665382,0.31000000000000005
189,1,0.31,3,SI; 0-24 and 60+ SD,0.7,0.0,0.5,0.2,0.7,0.9,#285C9F,1.0947414327418201,0.31000000000000005
190,1,0.31,4,"SI; 0-24, 25-59 and 60+ SD",0.7,0.5,0.5,0.2,0.7,0.9,#04375E,0.8059580606568452,0.31000000000000005
191,1,0.31,5,SI and no 60+ contacts,0.0,0.0,1.0,0.0,1.0,1.0,#770000,1.5222465491002986,0.31000000000000005
192,1,0.32,0,Self-isolation (SI),0.0,0.0,0.0,0.0,0.0,0.0,#8C9EDE,1.5640000000000023,0.32000000000000006
193,1,0.32,1,SI and 60+ social distancing (SD),0.0,0.0,0.5,0.0,0.7,0.9,#65C8D0,1.5031308944539372,0.32000000000000006
194,1,0.32,2,SI; 25-59 and 60+ SD,0.0,0.5,0.5,0.0,0.7,0.9,#00767B,1.3869911917757203,0.32000000000000006
195,1,0.32,3,SI; 0-24 and 60+ SD,0.7,0.0,0.5,0.2,0.7,0.9,#285C9F,1.078875614875998,0.32000000000000006
196,1,0.32,4,"SI; 0-24, 25-59 and 60+ SD",0.7,0.5,0.5,0.2,0.7,0.9,#04375E,0.7942775090531227,0.32000000000000006
197,1,0.32,5,SI and no 60+ contacts,0.0,0.0,1.0,0.0,1.0,1.0,#770000,1.5001850049104393,0.32000000000000006
198,1,0.33,0,Self-isolation (SI),0.0,0.0,0.0,0.0,0.0,0.0,#8C9EDE,1.5410000000000026,0.33000000000000007
199,1,0.33,1,SI and 60+ social distancing (SD),0.0,0.0,0.5,0.0,0.7,0.9,#65C8D0,1.4810260283590244,0.33000000000000007
200,1,0.33,2,SI; 25-59 and 60+ SD,0.0,0.5,0.5,0.0,0.7,0.9,#00767B,1.3665942624848988,0.33000000000000007
201,1,0.33,3,SI; 0-24 and 60+ SD,0.7,0.0,0.5,0.2,0.7,0.9,#285C9F,1.0630097970101728,0.33000000000000007
202,1,0.33,4,"SI; 0-24, 25-59 and 60+ SD",0.7,0.5,0.5,0.2,0.7,0.9,#04375E,0.7825969574494004,0.33000000000000007
203,1,0.33,5,SI and no 60+ contacts,0.0,0.0,1.0,0.0,1.0,1.0,#770000,1.4781234607205789,0.33000000000000007
204,1,0.34,0,Self-isolation (SI),0.0,0.0,0.0,0.0,0.0,0.0,#8C9EDE,1.518000000000001,0.3400000000000001
205,1,0.34,1,SI and 60+ social distancing (SD),0.0,0.0,0.5,0.0,0.7,0.9,#65C8D0,1.4589211622641147,0.3400000000000001
206,1,0.34,2,SI; 25-59 and 60+ SD,0.0,0.5,0.5,0.0,0.7,0.9,#00767B,1.3461973331940795,0.3400000000000001
207,1,0.34,3,SI; 0-24 and 60+ SD,0.7,0.0,0.5,0.2,0.7,0.9,#285C9F,1.04714397914435,0.3400000000000001
208,1,0.34,4,"SI; 0-24, 25-59 and 60+ SD",0.7,0.5,0.5,0.2,0.7,0.9,#04375E,0.7709164058456772,0.3400000000000001
209,1,0.34,5,SI and no 60+ contacts,0.0,0.0,1.0,0.0,1.0,1.0,#770000,1.4560619165307207,0.3400000000000001
210,1,0.35000000000000003,0,Self-isolation (SI),0.0,0.0,0.0,0.0,0.0,0.0,#8C9EDE,1.495000000000001,0.3500000000000001
211,1,0.35000000000000003,1,SI and 60+ social distancing (SD),0.0,0.0,0.5,0.0,0.7,0.9,#65C8D0,1.4368162961692037,0.3500000000000001
212,1,0.35000000000000003,2,SI; 25-59 and 60+ SD,0.0,0.5,0.5,0.0,0.7,0.9,#00767B,1.3258004039032605,0.3500000000000001
213,1,0.35000000000000003,3,SI; 0-24 and 60+ SD,0.7,0.0,0.5,0.2,0.7,0.9,#285C9F,1.031278161278527,0.3500000000000001
214,1,0.35000000000000003,4,"SI; 0-24, 25-59 and 60+ SD",0.7,0.5,0.5,0.2,0.7,0.9,#04375E,0.7592358542419554,0.3500000000000001
215,1,0.35000000000000003,5,SI and no 60+ contacts,0.0,0.0,1.0,0.0,1.0,1.0,#770000,1.4340003723408585,0.3500000000000001
216,1,0.36,0,Self-isolation (SI),0.0,0.0,0.0,0.0,0.0,0.0,#8C9EDE,1.4720000000000029,0.36
217,1,0.36,1,SI and 60+ social distancing (SD),0.0,0.0,0.5,0.0,0.7,0.9,#65C8D0,1.414711430074293,0.36
218,1,0.36,2,SI; 25-59 and 60+ SD,0.0,0.5,0.5,0.0,0.7,0.9,#00767B,1.3054034746124414,0.36
219,1,0.36,3,SI; 0-24 and 60+ SD,0.7,0.0,0.5,0.2,0.7,0.9,#285C9F,1.0154123434127018,0.36
220,1,0.36,4,"SI; 0-24, 25-59 and 60+ SD",0.7,0.5,0.5,0.2,0.7,0.9,#04375E,0.7475553026382332,0.36
221,1,0.36,5,SI and no 60+ contacts,0.0,0.0,1.0,0.0,1.0,1.0,#770000,1.411938828151003,0.36
222,1,0.37,0,Self-isolation (SI),0.0,0.0,0.0,0.0,0.0,0.0,#8C9EDE,1.4490000000000025,0.37
223,1,0.37,1,SI and 60+ social distancing (SD),0.0,0.0,0.5,0.0,0.7,0.9,#65C8D0,1.3926065639793823,0.37
224,1,0.37,2,SI; 25-59 and 60+ SD,0.0,0.5,0.5,0.0,0.7,0.9,#00767B,1.285006545321623,0.37
225,1,0.37,3,SI; 0-24 and 60+ SD,0.7,0.0,0.5,0.2,0.7,0.9,#285C9F,0.9995465255468793,0.37
226,1,0.37,4,"SI; 0-24, 25-59 and 60+ SD",0.7,0.5,0.5,0.2,0.7,0.9,#04375E,0.7358747510345108,0.37
227,1,0.37,5,SI and no 60+ contacts,0.0,0.0,1.0,0.0,1.0,1.0,#770000,1.3898772839611435,0.37
228,1,0.38,0,Self-isolation (SI),0.0,0.0,0.0,0.0,0.0,0.0,#8C9EDE,1.4260000000000002,0.38
229,1,0.38,1,SI and 60+ social distancing (SD),0.0,0.0,0.5,0.0,0.7,0.9,#65C8D0,1.37050169788447,0.38
230,1,0.38,2,SI; 25-59 and 60+ SD,0.0,0.5,0.5,0.0,0.7,0.9,#00767B,1.2646096160308034,0.38
231,1,0.38,3,SI; 0-24 and 60+ SD,0.7,0.0,0.5,0.2,0.7,0.9,#285C9F,0.983680707681057,0.38
232,1,0.38,4,"SI; 0-24, 25-59 and 60+ SD",0.7,0.5,0.5,0.2,0.7,0.9,#04375E,0.7241941994307883,0.38
233,1,0.38,5,SI and no 60+ contacts,0.0,0.0,1.0,0.0,1.0,1.0,#770000,1.3678157397712853,0.38
234,1,0.39,0,Self-isolation (SI),0.0,0.0,0.0,0.0,0.0,0.0,#8C9EDE,1.4030000000000018,0.39
235,1,0.39,1,SI and 60+ social distancing (SD),0.0,0.0,0.5,0.0,0.7,0.9,#65C8D0,1.3483968317895598,0.39
236,1,0.39,2,SI; 25-59 and 60+ SD,0.0,0.5,0.5,0.0,0.7,0.9,#00767B,1.2442126867399859,0.39
237,1,0.39,3,SI; 0-24 and 60+ SD,0.7,0.0,0.5,0.2,0.7,0.9,#285C9F,0.9678148898152323,0.39
238,1,0.39,4,"SI; 0-24, 25-59 and 60+ SD",0.7,0.5,0.5,0.2,0.7,0.9,#04375E,0.7125136478270663,0.39
239,1,0.39,5,SI and no 60+ contacts,0.0,0.0,1.0,0.0,1.0,1.0,#770000,1.3457541955814236,0.39
240,1,0.4,0,Self-isolation (SI),0.0,0.0,0.0,0.0,0.0,0.0,#8C9EDE,1.3800000000000006,0.4
241,1,0.4,1,SI and 60+ social distancing (SD),0.0,0.0,0.5,0.0,0.7,0.9,#65C8D0,1.3262919656946481,0.4
242,1,0.4,2,SI; 25-59 and 60+ SD,0.0,0.5,0.5,0.0,0.7,0.9,#00767B,1.2238157574491648,0.4
243,1,0.4,3,SI; 0-24 and 60+ SD,0.7,0.0,0.5,0.2,0.7,0.9,#285C9F,0.9519490719494084,0.4
244,1,0.4,4,"SI; 0-24, 25-59 and 60+ SD",0.7,0.5,0.5,0.2,0.7,0.9,#04375E,0.7008330962233433,0.4
245,1,0.4,5,SI and no 60+ contacts,0.0,0.0,1.0,0.0,1.0,1.0,#770000,1.3236926513915652,0.4
246,1,0.41000000000000003,0,Self-isolation (SI),0.0,0.0,0.0,0.0,0.0,0.0,#8C9EDE,1.357000000000003,0.41000000000000003
247,1,0.41000000000000003,1,SI and 60+ social distancing (SD),0.0,0.0,0.5,0.0,0.7,0.9,#65C8D0,1.3041870995997416,0.41000000000000003
248,1,0.41000000000000003,2,SI; 25-59 and 60+ SD,0.0,0.5,0.5,0.0,0.7,0.9,#00767B,1.2034188281583433,0.41000000000000003
249,1,0.41000000000000003,3,SI; 0-24 and 60+ SD,0.7,0.0,0.5,0.2,0.7,0.9,#285C9F,0.936083254083586,0.41000000000000003
250,1,0.41000000000000003,4,"SI; 0-24, 25-59 and 60+ SD",0.7,0.5,0.5,0.2,0.7,0.9,#04375E,0.6891525446196203,0.41000000000000003
251,1,0.41000000000000003,5,SI and no 60+ contacts,0.0,0.0,1.0,0.0,1.0,1.0,#770000,1.3016311072017048,0.41000000000000003
252,1,0.42,0,Self-isolation (SI),0.0,0.0,0.0,0.0,0.0,0.0,#8C9EDE,1.3340000000000023,0.41999999999999993
253,1,0.42,1,SI and 60+ social distancing (SD),0.0,0.0,0.5,0.0,0.7,0.9,#65C8D0,1.2820822335048283,0.41999999999999993
254,1,0.42,2,SI; 25-59 and 60+ SD,0.0,0.5,0.5,0.0,0.7,0.9,#00767B,1.183021898867527,0.41999999999999993
255,1,0.42,3,SI; 0-24 and 60+ SD,0.7,0.0,0.5,0.2,0.7,0.9,#285C9F,0.9202174362177615,0.41999999999999993
256,1,0.42,4,"SI; 0-24, 25-59 and 60+ SD",0.7,0.5,0.5,0.2,0.7,0.9,#04375E,0.6774719930158989,0.41999999999999993
257,1,0.42,5,SI and no 60+ contacts,0.0,0.0,1.0,0.0,1.0,1.0,#770000,1.279569563011846,0.41999999999999993
258,1,0.43,0,Self-isolation (SI),0.0,0.0,0.0,0.0,0.0,0.0,#8C9EDE,1.3110000000000004,0.42999999999999994
259,1,0.43,1,SI and 60+ social distancing (SD),0.0,0.0,0.5,0.0,0.7,0.9,#65C8D0,1.2599773674099182,0.42999999999999994
260,1,0.43,2,SI; 25-59 and 60+ SD,0.0,0.5,0.5,0.0,0.7,0.9,#00767B,1.1626249695767052,0.42999999999999994
261,1,0.43,3,SI; 0-24 and 60+ SD,0.7,0.0,0.5,0.2,0.7,0.9,#285C9F,0.904351618351939,0.42999999999999994
262,1,0.43,4,"SI; 0-24, 25-59 and 60+ SD",0.7,0.5,0.5,0.2,0.7,0.9,#04375E,0.6657914414121764,0.42999999999999994
263,1,0.43,5,SI and no 60+ contacts,0.0,0.0,1.0,0.0,1.0,1.0,#770000,1.2575080188219858,0.42999999999999994
264,1,0.44,0,Self-isolation (SI),0.0,0.0,0.0,0.0,0.0,0.0,#8C9EDE,1.2879999999999996,0.43999999999999995
265,1,0.44,1,SI and 60+ social distancing (SD),0.0,0.0,0.5,0.0,0.7,0.9,#65C8D0,1.237872501315007,0.43999999999999995
266,1,0.44,2,SI; 25-59 and 60+ SD,0.0,0.5,0.5,0.0,0.7,0.9,#00767B,1.142228040285889,0.43999999999999995
267,1,0.44,3,SI; 0-24 and 60+ SD,0.7,0.0,0.5,0.2,0.7,0.9,#285C9F,0.8884858004861158,0.43999999999999995
268,1,0.44,4,"SI; 0-24, 25-59 and 60+ SD",0.7,0.5,0.5,0.2,0.7,0.9,#04375E,0.6541108898084533,0.43999999999999995
269,1,0.44,5,SI and no 60+ contacts,0.0,0.0,1.0,0.0,1.0,1.0,#770000,1.235446474632127,0.43999999999999995
270,1,0.45,0,Self-isolation (SI),0.0,0.0,0.0,0.0,0.0,0.0,#8C9EDE,1.265000000000002,0.44999999999999996
271,1,0.45,1,SI and 60+ social distancing (SD),0.0,0.0,0.5,0.0,0.7,0.9,#65C8D0,1.2157676352200952,0.44999999999999996
272,1,0.45,2,SI; 25-59 and 60+ SD,0.0,0.5,0.5,0.0,0.7,0.9,#00767B,1.1218311109950672,0.44999999999999996
273,1,0.45,3,SI; 0-24 and 60+ SD,0.7,0.0,0.5,0.2,0.7,0.9,#285C9F,0.8726199826202912,0.44999999999999996
274,1,0.45,4,"SI; 0-24, 25-59 and 60+ SD",0.7,0.5,0.5,0.2,0.7,0.9,#04375E,0.6424303382047314,0.44999999999999996
275,1,0.45,5,SI and no 60+ contacts,0.0,0.0,1.0,0.0,1.0,1.0,#770000,1.2133849304422681,0.44999999999999996
276,1,0.46,0,Self-isolation (SI),0.0,0.0,0.0,0.0,0.0,0.0,#8C9EDE,1.2420000000000009,0.45999999999999996
277,1,0.46,1,SI and 60+ social distancing (SD),0.0,0.0,0.5,0.0,0.7,0.9,#65C8D0,1.1936627691251875,0.45999999999999996
278,1,0.46,2,SI; 25-59 and 60+ SD,0.0,0.5,0.5,0.0,0.7,0.9,#00767B,1.1014341817042446,0.45999999999999996
279,1,0.46,3,SI; 0-24 and 60+ SD,0.7,0.0,0.5,0.2,0.7,0.9,#285C9F,0.8567541647544669,0.45999999999999996
280,1,0.46,4,"SI; 0-24, 25-59 and 60+ SD",0.7,0.5,0.5,0.2,0.7,0.9,#04375E,0.6307497866010088,0.45999999999999996
281,1,0.46,5,SI and no 60+ contacts,0.0,0.0,1.0,0.0,1.0,1.0,#770000,1.1913233862524082,0.45999999999999996
282,1,0.47000000000000003,0,Self-isolation (SI),0.0,0.0,0.0,0.0,0.0,0.0,#8C9EDE,1.2189999999999992,0.47
283,1,0.47000000000000003,1,SI and 60+ social distancing (SD),0.0,0.0,0.5,0.0,0.7,0.9,#65C8D0,1.1715579030302736,0.47
284,1,0.47000000000000003,2,SI; 25-59 and 60+ SD,0.0,0.5,0.5,0.0,0.7,0.9,#00767B,1.081037252413428,0.47
285,1,0.47000000000000003,3,SI; 0-24 and 60+ SD,0.7,0.0,0.5,0.2,0.7,0.9,#285C9F,0.8408883468886442,0.47
286,1,0.47000000000000003,4,"SI; 0-24, 25-59 and 60+ SD",0.7,0.5,0.5,0.2,0.7,0.9,#04375E,0.6190692349972873,0.47
287,1,0.47000000000000003,5,SI and no 60+ contacts,0.0,0.0,1.0,0.0,1.0,1.0,#770000,1.1692618420625505,0.47
288,1,0.48,0,Self-isolation (SI),0.0,0.0,0.0,0.0,0.0,0.0,#8C9EDE,1.196000000000001,0.48
289,1,0.48,1,SI and 60+ social distancing (SD),0.0,0.0,0.5,0.0,0.7,0.9,#65C8D0,1.1494530369353653,0.48
290,1,0.48,2,SI; 25-59 and 60+ SD,0.0,0.5,0.5,0.0,0.7,0.9,#00767B,1.0606403231226103,0.48
291,1,0.48,3,SI; 0-24 and 60+ SD,0.7,0.0,0.5,0.2,0.7,0.9,#285C9F,0.8250225290228209,0.48
292,1,0.48,4,"SI; 0-24, 25-59 and 60+ SD",0.7,0.5,0.5,0.2,0.7,0.9,#04375E,0.6073886833935637,0.48
293,1,0.48,5,SI and no 60+ contacts,0.0,0.0,1.0,0.0,1.0,1.0,#770000,1.14720029787269,0.48
294,1,0.49,0,Self-isolation (SI),0.0,0.0,0.0,0.0,0.0,0.0,#8C9EDE,1.1730000000000018,0.49
295,1,0.49,1,SI and 60+ social distancing (SD),0.0,0.0,0.5,0.0,0.7,0.9,#65C8D0,1.127348170840453,0.49
296,1,0.49,2,SI; 25-59 and 60+ SD,0.0,0.5,0.5,0.0,0.7,0.9,#00767B,1.0402433938317897,0.49
297,1,0.49,3,SI; 0-24 and 60+ SD,0.7,0.0,0.5,0.2,0.7,0.9,#285C9F,0.8091567111569979,0.49
298,1,0.49,4,"SI; 0-24, 25-59 and 60+ SD",0.7,0.5,0.5,0.2,0.7,0.9,#04375E,0.5957081317898425,0.49
299,1,0.49,5,SI and no 60+ contacts,0.0,0.0,1.0,0.0,1.0,1.0,#770000,1.1251387536828297,0.49
300,1,0.5,0,Self-isolation (SI),0.0,0.0,0.0,0.0,0.0,0.0,#8C9EDE,1.150000000000003,0.5
301,1,0.5,1,SI and 60+ social distancing (SD),0.0,0.0,0.5,0.0,0.7,0.9,#65C8D0,1.105243304745541,0.5
302,1,0.5,2,SI; 25-59 and 60+ SD,0.0,0.5,0.5,0.0,0.7,0.9,#00767B,1.01984646454097,0.5
303,1,0.5,3,SI; 0-24 and 60+ SD,0.7,0.0,0.5,0.2,0.7,0.9,#285C9F,0.7932908932911742,0.5
304,1,0.5,4,"SI; 0-24, 25-59 and 60+ SD",0.7,0.5,0.5,0.2,0.7,0.9,#04375E,0.5840275801861196,0.5
305,1,0.5,5,SI and no 60+ contacts,0.0,0.0,1.0,0.0,1.0,1.0,#770000,1.1030772094929695,0.5
306,1,0.51,0,Self-isolation (SI),0.0,0.0,0.0,0.0,0.0,0.0,#8C9EDE,1.1270000000000007,0.51
307,1,0.51,1,SI and 60+ social distancing (SD),0.0,0.0,0.5,0.0,0.7,0.9,#65C8D0,1.08313843865063,0.51
308,1,0.51,2,SI; 25-59 and 60+ SD,0.0,0.5,0.5,0.0,0.7,0.9,#00767B,0.9994495352501498,0.51
309,1,0.51,3,SI; 0-24 and 60+ SD,0.7,0.0,0.5,0.2,0.7,0.9,#285C9F,0.7774250754253509,0.51
310,1,0.51,4,"SI; 0-24, 25-59 and 60+ SD",0.7,0.5,0.5,0.2,0.7,0.9,#04375E,0.5723470285823974,0.51
311,1,0.51,5,SI and no 60+ contacts,0.0,0.0,1.0,0.0,1.0,1.0,#770000,1.081015665303112,0.51
312,1,0.52,0,Self-isolation (SI),0.0,0.0,0.0,0.0,0.0,0.0,#8C9EDE,1.1040000000000014,0.52
313,1,0.52,1,SI and 60+ social distancing (SD),0.0,0.0,0.5,0.0,0.7,0.9,#65C8D0,1.0610335725557196,0.52
314,1,0.52,2,SI; 25-59 and 60+ SD,0.0,0.5,0.5,0.0,0.7,0.9,#00767B,0.9790526059593311,0.52
315,1,0.52,3,SI; 0-24 and 60+ SD,0.7,0.0,0.5,0.2,0.7,0.9,#285C9F,0.7615592575595269,0.52
316,1,0.52,4,"SI; 0-24, 25-59 and 60+ SD",0.7,0.5,0.5,0.2,0.7,0.9,#04375E,0.5606664769786749,0.52
317,1,0.52,5,SI and no 60+ contacts,0.0,0.0,1.0,0.0,1.0,1.0,#770000,1.0589541211132527,0.52
318,1,0.53,0,Self-isolation (SI),0.0,0.0,0.0,0.0,0.0,0.0,#8C9EDE,1.0810000000000006,0.53
319,1,0.53,1,SI and 60+ social distancing (SD),0.0,0.0,0.5,0.0,0.7,0.9,#65C8D0,1.0389287064608075,0.53
320,1,0.53,2,SI; 25-59 and 60+ SD,0.0,0.5,0.5,0.0,0.7,0.9,#00767B,0.9586556766685116,0.53
321,1,0.53,3,SI; 0-24 and 60+ SD,0.7,0.0,0.5,0.2,0.7,0.9,#285C9F,0.7456934396937034,0.53
322,1,0.53,4,"SI; 0-24, 25-59 and 60+ SD",0.7,0.5,0.5,0.2,0.7,0.9,#04375E,0.5489859253749518,0.53
323,1,0.53,5,SI and no 60+ contacts,0.0,0.0,1.0,0.0,1.0,1.0,#770000,1.0368925769233925,0.53
324,1,0.54,0,Self-isolation (SI),0.0,0.0,0.0,0.0,0.0,0.0,#8C9EDE,1.0580000000000023,0.54
325,1,0.54,1,SI and 60+ social distancing (SD),0.0,0.0,0.5,0.0,0.7,0.9,#65C8D0,1.0168238403658973,0.54
326,1,0.54,2,SI; 25-59 and 60+ SD,0.0,0.5,0.5,0.0,0.7,0.9,#00767B,0.938258747377692,0.54
327,1,0.54,3,SI; 0-24 and 60+ SD,0.7,0.0,0.5,0.2,0.7,0.9,#285C9F,0.7298276218278799,0.54
328,1,0.54,4,"SI; 0-24, 25-59 and 60+ SD",0.7,0.5,0.5,0.2,0.7,0.9,#04375E,0.5373053737712296,0.54
329,1,0.54,5,SI and no 60+ contacts,0.0,0.0,1.0,0.0,1.0,1.0,#770000,1.0148310327335313,0.54
330,1,0.55,0,Self-isolation (SI),0.0,0.0,0.0,0.0,0.0,0.0,#8C9EDE,1.0350000000000008,0.55
331,1,0.55,1,SI and 60+ social distancing (SD),0.0,0.0,0.5,0.0,0.7,0.9,#65C8D0,0.9947189742709861,0.55
332,1,0.55,2,SI; 25-59 and 60+ SD,0.0,0.5,0.5,0.0,0.7,0.9,#00767B,0.9178618180868718,0.55
333,1,0.55,3,SI; 0-24 and 60+ SD,0.7,0.0,0.5,0.2,0.7,0.9,#285C9F,0.7139618039620569,0.55
334,1,0.55,4,"SI; 0-24, 25-59 and 60+ SD",0.7,0.5,0.5,0.2,0.7,0.9,#04375E,0.5256248221675077,0.55
335,1,0.55,5,SI and no 60+ contacts,0.0,0.0,1.0,0.0,1.0,1.0,#770000,0.9927694885436742,0.55
336,1,0.56,0,Self-isolation (SI),0.0,0.0,0.0,0.0,0.0,0.0,#8C9EDE,1.0120000000000011,0.56
337,1,0.56,1,SI and 60+ social distancing (SD),0.0,0.0,0.5,0.0,0.7,0.9,#65C8D0,0.9726141081760766,0.56
338,1,0.56,2,SI; 25-59 and 60+ SD,0.0,0.5,0.5,0.0,0.7,0.9,#00767B,0.8974648887960542,0.56
339,1,0.56,3,SI; 0-24 and 60+ SD,0.7,0.0,0.5,0.2,0.7,0.9,#285C9F,0.6980959860962331,0.56
340,1,0.56,4,"SI; 0-24, 25-59 and 60+ SD",0.7,0.5,0.5,0.2,0.7,0.9,#04375E,0.513944270563785,0.56
341,1,0.56,5,SI and no 60+ contacts,0.0,0.0,1.0,0.0,1.0,1.0,#770000,0.9707079443538132,0.56
342,1,0.5700000000000001,0,Self-isolation (SI),0.0,0.0,0.0,0.0,0.0,0.0,#8C9EDE,0.989,0.5700000000000001
343,1,0.5700000000000001,1,SI and 60+ social distancing (SD),0.0,0.0,0.5,0.0,0.7,0.9,#65C8D0,0.9505092420811652,0.5700000000000001
344,1,0.5700000000000001,2,SI; 25-59 and 60+ SD,0.0,0.5,0.5,0.0,0.7,0.9,#00767B,0.8770679595052333,0.5700000000000001
345,1,0.5700000000000001,3,SI; 0-24 and 60+ SD,0.7,0.0,0.5,0.2,0.7,0.9,#285C9F,0.6822301682304098,0.5700000000000001
346,1,0.5700000000000001,4,"SI; 0-24, 25-59 and 60+ SD",0.7,0.5,0.5,0.2,0.7,0.9,#04375E,0.5022637189600627,0.5700000000000001
347,1,0.5700000000000001,5,SI and no 60+ contacts,0.0,0.0,1.0,0.0,1.0,1.0,#770000,0.9486464001639554,0.5700000000000001
348,1,0.58,0,Self-isolation (SI),0.0,0.0,0.0,0.0,0.0,0.0,#8C9EDE,0.9660000000000021,0.58
349,1,0.58,1,SI and 60+ social distancing (SD),0.0,0.0,0.5,0.0,0.7,0.9,#65C8D0,0.9284043759862555,0.58
350,1,0.58,2,SI; 25-59 and 60+ SD,0.0,0.5,0.5,0.0,0.7,0.9,#00767B,0.8566710302144145,0.58
351,1,0.58,3,SI; 0-24 and 60+ SD,0.7,0.0,0.5,0.2,0.7,0.9,#285C9F,0.6663643503645864,0.58
352,1,0.58,4,"SI; 0-24, 25-59 and 60+ SD",0.7,0.5,0.5,0.2,0.7,0.9,#04375E,0.4905831673563405,0.58
353,1,0.58,5,SI and no 60+ contacts,0.0,0.0,1.0,0.0,1.0,1.0,#770000,0.926584855974095,0.58
354,1,0.59,0,Self-isolation (SI),0.0,0.0,0.0,0.0,0.0,0.0,#8C9EDE,0.9430000000000024,0.59
355,1,0.59,1,SI and 60+ social distancing (SD),0.0,0.0,0.5,0.0,0.7,0.9,#65C8D0,0.9062995098913431,0.59
356,1,0.59,2,SI; 25-59 and 60+ SD,0.0,0.5,0.5,0.0,0.7,0.9,#00767B,0.8362741009235949,0.59
357,1,0.59,3,SI; 0-24 and 60+ SD,0.7,0.0,0.5,0.2,0.7,0.9,#285C9F,0.6504985324987631,0.59
358,1,0.59,4,"SI; 0-24, 25-59 and 60+ SD",0.7,0.5,0.5,0.2,0.7,0.9,#04375E,0.47890261575261817,0.59
359,1,0.59,5,SI and no 60+ contacts,0.0,0.0,1.0,0.0,1.0,1.0,#770000,0.9045233117842364,0.59
360,1,0.6,0,Self-isolation (SI),0.0,0.0,0.0,0.0,0.0,0.0,#8C9EDE,0.9200000000000015,0.6
361,1,0.6,1,SI and 60+ social distancing (SD),0.0,0.0,0.5,0.0,0.7,0.9,#65C8D0,0.884194643796432,0.6
362,1,0.6,2,SI; 25-59 and 60+ SD,0.0,0.5,0.5,0.0,0.7,0.9,#00767B,0.8158771716327773,0.6
363,1,0.6,3,SI; 0-24 and 60+ SD,0.7,0.0,0.5,0.2,0.7,0.9,#285C9F,0.6346327146329387,0.6
364,1,0.6,4,"SI; 0-24, 25-59 and 60+ SD",0.7,0.5,0.5,0.2,0.7,0.9,#04375E,0.46722206414889544,0.6
365,1,0.6,5,SI and no 60+ contacts,0.0,0.0,1.0,0.0,1.0,1.0,#770000,0.8824617675943769,0.6
366,1,0.61,0,Self-isolation (SI),0.0,0.0,0.0,0.0,0.0,0.0,#8C9EDE,0.8970000000000018,0.61
367,1,0.61,1,SI and 60+ social distancing (SD),0.0,0.0,0.5,0.0,0.7,0.9,#65C8D0,0.8620897777015227,0.61
368,1,0.61,2,SI; 25-59 and 60+ SD,0.0,0.5,0.5,0.0,0.7,0.9,#00767B,0.7954802423419569,0.61
369,1,0.61,3,SI; 0-24 and 60+ SD,0.7,0.0,0.5,0.2,0.7,0.9,#285C9F,0.6187668967671156,0.61
370,1,0.61,4,"SI; 0-24, 25-59 and 60+ SD",0.7,0.5,0.5,0.2,0.7,0.9,#04375E,0.45554151254517344,0.61
371,1,0.61,5,SI and no 60+ contacts,0.0,0.0,1.0,0.0,1.0,1.0,#770000,0.8604002234045172,0.61
372,1,0.62,0,Self-isolation (SI),0.0,0.0,0.0,0.0,0.0,0.0,#8C9EDE,0.8740000000000023,0.62
373,1,0.62,1,SI and 60+ social distancing (SD),0.0,0.0,0.5,0.0,0.7,0.9,#65C8D0,0.839984911606611,0.62
374,1,0.62,2,SI; 25-59 and 60+ SD,0.0,0.5,0.5,0.0,0.7,0.9,#00767B,0.7750833130511374,0.62
375,1,0.62,3,SI; 0-24 and 60+ SD,0.7,0.0,0.5,0.2,0.7,0.9,#285C9F,0.6029010789012919,0.62
376,1,0.62,4,"SI; 0-24, 25-59 and 60+ SD",0.7,0.5,0.5,0.2,0.7,0.9,#04375E,0.4438609609414509,0.62
377,1,0.62,5,SI and no 60+ contacts,0.0,0.0,1.0,0.0,1.0,1.0,#770000,0.8383386792146581,0.62
378,1,0.63,0,Self-isolation (SI),0.0,0.0,0.0,0.0,0.0,0.0,#8C9EDE,0.851000000000002,0.63
379,1,0.63,1,SI and 60+ social distancing (SD),0.0,0.0,0.5,0.0,0.7,0.9,#65C8D0,0.8178800455117019,0.63
380,1,0.63,2,SI; 25-59 and 60+ SD,0.0,0.5,0.5,0.0,0.7,0.9,#00767B,0.7546863837603177,0.63
381,1,0.63,3,SI; 0-24 and 60+ SD,0.7,0.0,0.5,0.2,0.7,0.9,#285C9F,0.587035261035469,0.63
382,1,0.63,4,"SI; 0-24, 25-59 and 60+ SD",0.7,0.5,0.5,0.2,0.7,0.9,#04375E,0.4321804093377284,0.63
383,1,0.63,5,SI and no 60+ contacts,0.0,0.0,1.0,0.0,1.0,1.0,#770000,0.8162771350247984,0.63
384,1,0.64,0,Self-isolation (SI),0.0,0.0,0.0,0.0,0.0,0.0,#8C9EDE,0.8280000000000025,0.64
385,1,0.64,1,SI and 60+ social distancing (SD),0.0,0.0,0.5,0.0,0.7,0.9,#65C8D0,0.795775179416789,0.64
386,1,0.64,2,SI; 25-59 and 60+ SD,0.0,0.5,0.5,0.0,0.7,0.9,#00767B,0.7342894544694981,0.64
387,1,0.64,3,SI; 0-24 and 60+ SD,0.7,0.0,0.5,0.2,0.7,0.9,#285C9F,0.5711694431696461,0.64
388,1,0.64,4,"SI; 0-24, 25-59 and 60+ SD",0.7,0.5,0.5,0.2,0.7,0.9,#04375E,0.42049985773400606,0.64
389,1,0.64,5,SI and no 60+ contacts,0.0,0.0,1.0,0.0,1.0,1.0,#770000,0.7942155908349391,0.64
390,1,0.65,0,Self-isolation (SI),0.0,0.0,0.0,0.0,0.0,0.0,#8C9EDE,0.8050000000000018,0.65
391,1,0.65,1,SI and 60+ social distancing (SD),0.0,0.0,0.5,0.0,0.7,0.9,#65C8D0,0.7736703133218785,0.65
392,1,0.65,2,SI; 25-59 and 60+ SD,0.0,0.5,0.5,0.0,0.7,0.9,#00767B,0.7138925251786791,0.65
393,1,0.65,3,SI; 0-24 and 60+ SD,0.7,0.0,0.5,0.2,0.7,0.9,#285C9F,0.5553036253038219,0.65
394,1,0.65,4,"SI; 0-24, 25-59 and 60+ SD",0.7,0.5,0.5,0.2,0.7,0.9,#04375E,0.40881930613028356,0.65
395,1,0.65,5,SI and no 60+ contacts,0.0,0.0,1.0,0.0,1.0,1.0,#770000,0.7721540466450794,0.65
396,1,0.66,0,Self-isolation (SI),0.0,0.0,0.0,0.0,0.0,0.0,#8C9EDE,0.7820000000000011,0.66
397,1,0.66,1,SI and 60+ social distancing (SD),0.0,0.0,0.5,0.0,0.7,0.9,#65C8D0,0.7515654472269687,0.66
398,1,0.66,2,SI; 25-59 and 60+ SD,0.0,0.5,0.5,0.0,0.7,0.9,#00767B,0.6934955958878601,0.66
399,1,0.66,3,SI; 0-24 and 60+ SD,0.7,0.0,0.5,0.2,0.7,0.9,#285C9F,0.539437807437999,0.66
400,1,0.66,4,"SI; 0-24, 25-59 and 60+ SD",0.7,0.5,0.5,0.2,0.7,0.9,#04375E,0.39713875452656133,0.66
401,1,0.66,5,SI and no 60+ contacts,0.0,0.0,1.0,0.0,1.0,1.0,#770000,0.7500925024552196,0.66
402,1,0.67,0,Self-isolation (SI),0.0,0.0,0.0,0.0,0.0,0.0,#8C9EDE,0.7590000000000005,0.67
403,1,0.67,1,SI and 60+ social distancing (SD),0.0,0.0,0.5,0.0,0.7,0.9,#65C8D0,0.7294605811320574,0.67
404,1,0.67,2,SI; 25-59 and 60+ SD,0.0,0.5,0.5,0.0,0.7,0.9,#00767B,0.6730986665970398,0.67
405,1,0.67,3,SI; 0-24 and 60+ SD,0.7,0.0,0.5,0.2,0.7,0.9,#285C9F,0.523571989572175,0.67
406,1,0.67,4,"SI; 0-24, 25-59 and 60+ SD",0.7,0.5,0.5,0.2,0.7,0.9,#04375E,0.3854582029228386,0.67
407,1,0.67,5,SI and no 60+ contacts,0.0,0.0,1.0,0.0,1.0,1.0,#770000,0.7280309582653604,0.67
408,1,0.68,0,Self-isolation (SI),0.0,0.0,0.0,0.0,0.0,0.0,#8C9EDE,0.7360000000000011,0.68
409,1,0.68,1,SI and 60+ social distancing (SD),0.0,0.0,0.5,0.0,0.7,0.9,#65C8D0,0.7073557150371462,0.68
410,1,0.68,2,SI; 25-59 and 60+ SD,0.0,0.5,0.5,0.0,0.7,0.9,#00767B,0.6527017373062216,0.68
411,1,0.68,3,SI; 0-24 and 60+ SD,0.7,0.0,0.5,0.2,0.7,0.9,#285C9F,0.507706171706351,0.68
412,1,0.68,4,"SI; 0-24, 25-59 and 60+ SD",0.7,0.5,0.5,0.2,0.7,0.9,#04375E,0.37377765131911656,0.68
413,1,0.68,5,SI and no 60+ contacts,0.0,0.0,1.0,0.0,1.0,1.0,#770000,0.7059694140755015,0.68
414,1,0.6900000000000001,0,Self-isolation (SI),0.0,0.0,0.0,0.0,0.0,0.0,#8C9EDE,0.7129999999999999,0.6900000000000001
415,1,0.6900000000000001,1,SI and 60+ social distancing (SD),0.0,0.0,0.5,0.0,0.7,0.9,#65C8D0,0.6852508489422349,0.6900000000000001
416,1,0.6900000000000001,2,SI; 25-59 and 60+ SD,0.0,0.5,0.5,0.0,0.7,0.9,#00767B,0.6323048080154015,0.6900000000000001
417,1,0.6900000000000001,3,SI; 0-24 and 60+ SD,0.7,0.0,0.5,0.2,0.7,0.9,#285C9F,0.4918403538405284,0.6900000000000001
418,1,0.6900000000000001,4,"SI; 0-24, 25-59 and 60+ SD",0.7,0.5,0.5,0.2,0.7,0.9,#04375E,0.36209709971539394,0.6900000000000001
419,1,0.6900000000000001,5,SI and no 60+ contacts,0.0,0.0,1.0,0.0,1.0,1.0,#770000,0.683907869885642,0.6900000000000001
420,1,0.7000000000000001,0,Self-isolation (SI),0.0,0.0,0.0,0.0,0.0,0.0,#8C9EDE,0.6900000000000012,0.7000000000000001
421,1,0.7000000000000001,1,SI and 60+ social distancing (SD),0.0,0.0,0.5,0.0,0.7,0.9,#65C8D0,0.6631459828473242,0.7000000000000001
422,1,0.7000000000000001,2,SI; 25-59 and 60+ SD,0.0,0.5,0.5,0.0,0.7,0.9,#00767B,0.6119078787245824,0.7000000000000001
423,1,0.7000000000000001,3,SI; 0-24 and 60+ SD,0.7,0.0,0.5,0.2,0.7,0.9,#285C9F,0.4759745359747043,0.7000000000000001
424,1,0.7000000000000001,4,"SI; 0-24, 25-59 and 60+ SD",0.7,0.5,0.5,0.2,0.7,0.9,#04375E,0.35041654811167144,0.7000000000000001
425,1,0.7000000000000001,5,SI and no 60+ contacts,0.0,0.0,1.0,0.0,1.0,1.0,#770000,0.6618463256957827,0.7000000000000001
426,1,0.71,0,Self-isolation (SI),0.0,0.0,0.0,0.0,0.0,0.0,#8C9EDE,0.6670000000000011,0.71
427,1,0.71,1,SI and 60+ social distancing (SD),0.0,0.0,0.5,0.0,0.7,0.9,#65C8D0,0.6410411167524142,0.71
428,1,0.71,2,SI; 25-59 and 60+ SD,0.0,0.5,0.5,0.0,0.7,0.9,#00767B,0.5915109494337635,0.71
429,1,0.71,3,SI; 0-24 and 60+ SD,0.7,0.0,0.5,0.2,0.7,0.9,#285C9F,0.46010871810888077,0.71
430,1,0.71,4,"SI; 0-24, 25-59 and 60+ SD",0.7,0.5,0.5,0.2,0.7,0.9,#04375E,0.33873599650794944,0.71
431,1,0.71,5,SI and no 60+ contacts,0.0,0.0,1.0,0.0,1.0,1.0,#770000,0.639784781505923,0.71
432,1,0.72,0,Self-isolation (SI),0.0,0.0,0.0,0.0,0.0,0.0,#8C9EDE,0.6439999999999998,0.72
433,1,0.72,1,SI and 60+ social distancing (SD),0.0,0.0,0.5,0.0,0.7,0.9,#65C8D0,0.6189362506575035,0.72
434,1,0.72,2,SI; 25-59 and 60+ SD,0.0,0.5,0.5,0.0,0.7,0.9,#00767B,0.5711140201429445,0.72
435,1,0.72,3,SI; 0-24 and 60+ SD,0.7,0.0,0.5,0.2,0.7,0.9,#285C9F,0.4442429002430579,0.72
436,1,0.72,4,"SI; 0-24, 25-59 and 60+ SD",0.7,0.5,0.5,0.2,0.7,0.9,#04375E,0.32705544490422667,0.72
437,1,0.72,5,SI and no 60+ contacts,0.0,0.0,1.0,0.0,1.0,1.0,#770000,0.6177232373160635,0.72
438,1,0.73,0,Self-isolation (SI),0.0,0.0,0.0,0.0,0.0,0.0,#8C9EDE,0.6210000000000004,0.73
439,1,0.73,1,SI and 60+ social distancing (SD),0.0,0.0,0.5,0.0,0.7,0.9,#65C8D0,0.5968313845625937,0.73
440,1,0.73,2,SI; 25-59 and 60+ SD,0.0,0.5,0.5,0.0,0.7,0.9,#00767B,0.5507170908521223,0.73
441,1,0.73,3,SI; 0-24 and 60+ SD,0.7,0.0,0.5,0.2,0.7,0.9,#285C9F,0.42837708237723343,0.73
442,1,0.73,4,"SI; 0-24, 25-59 and 60+ SD",0.7,0.5,0.5,0.2,0.7,0.9,#04375E,0.3153748933005044,0.73
443,1,0.73,5,SI and no 60+ contacts,0.0,0.0,1.0,0.0,1.0,1.0,#770000,0.5956616931262041,0.73
444,1,0.74,0,Self-isolation (SI),0.0,0.0,0.0,0.0,0.0,0.0,#8C9EDE,0.5980000000000006,0.74
445,1,0.74,1,SI and 60+ social distancing (SD),0.0,0.0,0.5,0.0,0.7,0.9,#65C8D0,0.5747265184676826,0.74
446,1,0.74,2,SI; 25-59 and 60+ SD,0.0,0.5,0.5,0.0,0.7,0.9,#00767B,0.5303201615613051,0.74
447,1,0.74,3,SI; 0-24 and 60+ SD,0.7,0.0,0.5,0.2,0.7,0.9,#285C9F,0.41251126451141046,0.74
448,1,0.74,4,"SI; 0-24, 25-59 and 60+ SD",0.7,0.5,0.5,0.2,0.7,0.9,#04375E,0.30369434169678183,0.74
449,1,0.74,5,SI and no 60+ contacts,0.0,0.0,1.0,0.0,1.0,1.0,#770000,0.5736001489363449,0.74
450,1,0.75,0,Self-isolation (SI),0.0,0.0,0.0,0.0,0.0,0.0,#8C9EDE,0.5750000000000015,0.75
451,1,0.75,1,SI and 60+ social distancing (SD),0.0,0.0,0.5,0.0,0.7,0.9,#65C8D0,0.5526216523727705,0.75
452,1,0.75,2,SI; 25-59 and 60+ SD,0.0,0.5,0.5,0.0,0.7,0.9,#00767B,0.509923232270485,0.75
453,1,0.75,3,SI; 0-24 and 60+ SD,0.7,0.0,0.5,0.2,0.7,0.9,#285C9F,0.3966454466455871,0.75
454,1,0.75,4,"SI; 0-24, 25-59 and 60+ SD",0.7,0.5,0.5,0.2,0.7,0.9,#04375E,0.2920137900930598,0.75
455,1,0.75,5,SI and no 60+ contacts,0.0,0.0,1.0,0.0,1.0,1.0,#770000,0.5515386047464848,0.75
456,1,0.76,0,Self-isolation (SI),0.0,0.0,0.0,0.0,0.0,0.0,#8C9EDE,0.5520000000000007,0.76
457,1,0.76,1,SI and 60+ social distancing (SD),0.0,0.0,0.5,0.0,0.7,0.9,#65C8D0,0.5305167862778597,0.76
458,1,0.76,2,SI; 25-59 and 60+ SD,0.0,0.5,0.5,0.0,0.7,0.9,#00767B,0.48952630297966554,0.76
459,1,0.76,3,SI; 0-24 and 60+ SD,0.7,0.0,0.5,0.2,0.7,0.9,#285C9F,0.38077962877976346,0.76
460,1,0.76,4,"SI; 0-24, 25-59 and 60+ SD",0.7,0.5,0.5,0.2,0.7,0.9,#04375E,0.28033323848933744,0.76
461,1,0.76,5,SI and no 60+ contacts,0.0,0.0,1.0,0.0,1.0,1.0,#770000,0.5294770605566264,0.76
462,1,0.77,0,Self-isolation (SI),0.0,0.0,0.0,0.0,0.0,0.0,#8C9EDE,0.5290000000000011,0.77
463,1,0.77,1,SI and 60+ social distancing (SD),0.0,0.0,0.5,0.0,0.7,0.9,#65C8D0,0.5084119201829487,0.77
464,1,0.77,2,SI; 25-59 and 60+ SD,0.0,0.5,0.5,0.0,0.7,0.9,#00767B,0.469129373688846,0.77
465,1,0.77,3,SI; 0-24 and 60+ SD,0.7,0.0,0.5,0.2,0.7,0.9,#285C9F,0.36491381091393993,0.77
466,1,0.77,4,"SI; 0-24, 25-59 and 60+ SD",0.7,0.5,0.5,0.2,0.7,0.9,#04375E,0.2686526868856148,0.77
467,1,0.77,5,SI and no 60+ contacts,0.0,0.0,1.0,0.0,1.0,1.0,#770000,0.5074155163667656,0.77
468,1,0.78,0,Self-isolation (SI),0.0,0.0,0.0,0.0,0.0,0.0,#8C9EDE,0.5060000000000006,0.78
469,1,0.78,1,SI and 60+ social distancing (SD),0.0,0.0,0.5,0.0,0.7,0.9,#65C8D0,0.4863070540880383,0.78
470,1,0.78,2,SI; 25-59 and 60+ SD,0.0,0.5,0.5,0.0,0.7,0.9,#00767B,0.4487324443980271,0.78
471,1,0.78,3,SI; 0-24 and 60+ SD,0.7,0.0,0.5,0.2,0.7,0.9,#285C9F,0.34904799304811657,0.78
472,1,0.78,4,"SI; 0-24, 25-59 and 60+ SD",0.7,0.5,0.5,0.2,0.7,0.9,#04375E,0.2569721352818925,0.78
473,1,0.78,5,SI and no 60+ contacts,0.0,0.0,1.0,0.0,1.0,1.0,#770000,0.4853539721769066,0.78
474,1,0.79,0,Self-isolation (SI),0.0,0.0,0.0,0.0,0.0,0.0,#8C9EDE,0.4830000000000012,0.79
475,1,0.79,1,SI and 60+ social distancing (SD),0.0,0.0,0.5,0.0,0.7,0.9,#65C8D0,0.46420218799312785,0.79
476,1,0.79,2,SI; 25-59 and 60+ SD,0.0,0.5,0.5,0.0,0.7,0.9,#00767B,0.42833551510720735,0.79
477,1,0.79,3,SI; 0-24 and 60+ SD,0.7,0.0,0.5,0.2,0.7,0.9,#285C9F,0.3331821751822932,0.79
478,1,0.79,4,"SI; 0-24, 25-59 and 60+ SD",0.7,0.5,0.5,0.2,0.7,0.9,#04375E,0.24529158367817025,0.79
479,1,0.79,5,SI and no 60+ contacts,0.0,0.0,1.0,0.0,1.0,1.0,#770000,0.4632924279870476,0.79
480,1,0.8,0,Self-isolation (SI),0.0,0.0,0.0,0.0,0.0,0.0,#8C9EDE,0.4600000000000011,0.8
481,1,0.8,1,SI and 60+ social distancing (SD),0.0,0.0,0.5,0.0,0.7,0.9,#65C8D0,0.4420973218982158,0.8
482,1,0.8,2,SI; 25-59 and 60+ SD,0.0,0.5,0.5,0.0,0.7,0.9,#00767B,0.4079385858163883,0.8
483,1,0.8,3,SI; 0-24 and 60+ SD,0.7,0.0,0.5,0.2,0.7,0.9,#285C9F,0.3173163573164691,0.8
484,1,0.8,4,"SI; 0-24, 25-59 and 60+ SD",0.7,0.5,0.5,0.2,0.7,0.9,#04375E,0.23361103207444767,0.8
485,1,0.8,5,SI and no 60+ contacts,0.0,0.0,1.0,0.0,1.0,1.0,#770000,0.44123088379718833,0.8
486,1,0.81,0,Self-isolation (SI),0.0,0.0,0.0,0.0,0.0,0.0,#8C9EDE,0.4370000000000013,0.81
487,1,0.81,1,SI and 60+ social distancing (SD),0.0,0.0,0.5,0.0,0.7,0.9,#65C8D0,0.4199924558033056,0.81
488,1,0.81,2,SI; 25-59 and 60+ SD,0.0,0.5,0.5,0.0,0.7,0.9,#00767B,0.3875416565255687,0.81
489,1,0.81,3,SI; 0-24 and 60+ SD,0.7,0.0,0.5,0.2,0.7,0.9,#285C9F,0.3014505394506458,0.81
490,1,0.81,4,"SI; 0-24, 25-59 and 60+ SD",0.7,0.5,0.5,0.2,0.7,0.9,#04375E,0.2219304804707254,0.81
491,1,0.81,5,SI and no 60+ contacts,0.0,0.0,1.0,0.0,1.0,1.0,#770000,0.41916933960732916,0.81
492,1,0.8200000000000001,0,Self-isolation (SI),0.0,0.0,0.0,0.0,0.0,0.0,#8C9EDE,0.4140000000000013,0.8200000000000001
493,1,0.8200000000000001,1,SI and 60+ social distancing (SD),0.0,0.0,0.5,0.0,0.7,0.9,#65C8D0,0.39788758970839455,0.8200000000000001
494,1,0.8200000000000001,2,SI; 25-59 and 60+ SD,0.0,0.5,0.5,0.0,0.7,0.9,#00767B,0.367144727234749,0.8200000000000001
495,1,0.8200000000000001,3,SI; 0-24 and 60+ SD,0.7,0.0,0.5,0.2,0.7,0.9,#285C9F,0.28558472158482284,0.8200000000000001
496,1,0.8200000000000001,4,"SI; 0-24, 25-59 and 60+ SD",0.7,0.5,0.5,0.2,0.7,0.9,#04375E,0.2102499288670028,0.8200000000000001
497,1,0.8200000000000001,5,SI and no 60+ contacts,0.0,0.0,1.0,0.0,1.0,1.0,#770000,0.3971077954174693,0.8200000000000001
498,1,0.8300000000000001,0,Self-isolation (SI),0.0,0.0,0.0,0.0,0.0,0.0,#8C9EDE,0.391,0.8300000000000001
499,1,0.8300000000000001,1,SI and 60+ social distancing (SD),0.0,0.0,0.5,0.0,0.7,0.9,#65C8D0,0.375782723613484,0.8300000000000001
500,1,0.8300000000000001,2,SI; 25-59 and 60+ SD,0.0,0.5,0.5,0.0,0.7,0.9,#00767B,0.34674779794392996,0.8300000000000001
501,1,0.8300000000000001,3,SI; 0-24 and 60+ SD,0.7,0.0,0.5,0.2,0.7,0.9,#285C9F,0.2697189037189993,0.8300000000000001
502,1,0.8300000000000001,4,"SI; 0-24, 25-59 and 60+ SD",0.7,0.5,0.5,0.2,0.7,0.9,#04375E,0.1985693772632806,0.8300000000000001
503,1,0.8300000000000001,5,SI and no 60+ contacts,0.0,0.0,1.0,0.0,1.0,1.0,#770000,0.3750462512276097,0.8300000000000001
504,1,0.84,0,Self-isolation (SI),0.0,0.0,0.0,0.0,0.0,0.0,#8C9EDE,0.3680000000000007,0.84
505,1,0.84,1,SI and 60+ social distancing (SD),0.0,0.0,0.5,0.0,0.7,0.9,#65C8D0,0.3536778575185731,0.84
506,1,0.84,2,SI; 25-59 and 60+ SD,0.0,0.5,0.5,0.0,0.7,0.9,#00767B,0.32635086865311097,0.84
507,1,0.84,3,SI; 0-24 and 60+ SD,0.7,0.0,0.5,0.2,0.7,0.9,#285C9F,0.2538530858531757,0.84
508,1,0.84,4,"SI; 0-24, 25-59 and 60+ SD",0.7,0.5,0.5,0.2,0.7,0.9,#04375E,0.1868888256595585,0.84
509,1,0.84,5,SI and no 60+ contacts,0.0,0.0,1.0,0.0,1.0,1.0,#770000,0.35298470703775087,0.84
510,1,0.85,0,Self-isolation (SI),0.0,0.0,0.0,0.0,0.0,0.0,#8C9EDE,0.3450000000000004,0.85
511,1,0.85,1,SI and 60+ social distancing (SD),0.0,0.0,0.5,0.0,0.7,0.9,#65C8D0,0.33157299142366214,0.85
512,1,0.85,2,SI; 25-59 and 60+ SD,0.0,0.5,0.5,0.0,0.7,0.9,#00767B,0.3059539393622912,0.85
513,1,0.85,3,SI; 0-24 and 60+ SD,0.7,0.0,0.5,0.2,0.7,0.9,#285C9F,0.23798726798735217,0.85
514,1,0.85,4,"SI; 0-24, 25-59 and 60+ SD",0.7,0.5,0.5,0.2,0.7,0.9,#04375E,0.17520827405583583,0.85
515,1,0.85,5,SI and no 60+ contacts,0.0,0.0,1.0,0.0,1.0,1.0,#770000,0.3309231628478916,0.85
516,1,0.86,0,Self-isolation (SI),0.0,0.0,0.0,0.0,0.0,0.0,#8C9EDE,0.3219999999999999,0.86
517,1,0.86,1,SI and 60+ social distancing (SD),0.0,0.0,0.5,0.0,0.7,0.9,#65C8D0,0.30946812532875173,0.86
518,1,0.86,2,SI; 25-59 and 60+ SD,0.0,0.5,0.5,0.0,0.7,0.9,#00767B,0.2855570100714723,0.86
519,1,0.86,3,SI; 0-24 and 60+ SD,0.7,0.0,0.5,0.2,0.7,0.9,#285C9F,0.22212145012152895,0.86
520,1,0.86,4,"SI; 0-24, 25-59 and 60+ SD",0.7,0.5,0.5,0.2,0.7,0.9,#04375E,0.16352772245211333,0.86
521,1,0.86,5,SI and no 60+ contacts,0.0,0.0,1.0,0.0,1.0,1.0,#770000,0.30886161865803174,0.86
522,1,0.87,0,Self-isolation (SI),0.0,0.0,0.0,0.0,0.0,0.0,#8C9EDE,0.29900000000000027,0.87
523,1,0.87,1,SI and 60+ social distancing (SD),0.0,0.0,0.5,0.0,0.7,0.9,#65C8D0,0.2873632592338413,0.87
524,1,0.87,2,SI; 25-59 and 60+ SD,0.0,0.5,0.5,0.0,0.7,0.9,#00767B,0.26516008078065256,0.87
525,1,0.87,3,SI; 0-24 and 60+ SD,0.7,0.0,0.5,0.2,0.7,0.9,#285C9F,0.20625563225570523,0.87
526,1,0.87,4,"SI; 0-24, 25-59 and 60+ SD",0.7,0.5,0.5,0.2,0.7,0.9,#04375E,0.15184717084839092,0.87
527,1,0.87,5,SI and no 60+ contacts,0.0,0.0,1.0,0.0,1.0,1.0,#770000,0.2868000744681725,0.87
528,1,0.88,0,Self-isolation (SI),0.0,0.0,0.0,0.0,0.0,0.0,#8C9EDE,0.27600000000000036,0.88
529,1,0.88,1,SI and 60+ social distancing (SD),0.0,0.0,0.5,0.0,0.7,0.9,#65C8D0,0.2652583931389299,0.88
530,1,0.88,2,SI; 25-59 and 60+ SD,0.0,0.5,0.5,0.0,0.7,0.9,#00767B,0.24476315148983277,0.88
531,1,0.88,3,SI; 0-24 and 60+ SD,0.7,0.0,0.5,0.2,0.7,0.9,#285C9F,0.19038981438988173,0.88
532,1,0.88,4,"SI; 0-24, 25-59 and 60+ SD",0.7,0.5,0.5,0.2,0.7,0.9,#04375E,0.14016661924466872,0.88
533,1,0.88,5,SI and no 60+ contacts,0.0,0.0,1.0,0.0,1.0,1.0,#770000,0.2647385302783132,0.88
534,1,0.89,0,Self-isolation (SI),0.0,0.0,0.0,0.0,0.0,0.0,#8C9EDE,0.2530000000000003,0.89
535,1,0.89,1,SI and 60+ social distancing (SD),0.0,0.0,0.5,0.0,0.7,0.9,#65C8D0,0.24315352704401916,0.89
536,1,0.89,2,SI; 25-59 and 60+ SD,0.0,0.5,0.5,0.0,0.7,0.9,#00767B,0.22436622219901356,0.89
537,1,0.89,3,SI; 0-24 and 60+ SD,0.7,0.0,0.5,0.2,0.7,0.9,#285C9F,0.17452399652405828,0.89
538,1,0.89,4,"SI; 0-24, 25-59 and 60+ SD",0.7,0.5,0.5,0.2,0.7,0.9,#04375E,0.12848606764094625,0.89
539,1,0.89,5,SI and no 60+ contacts,0.0,0.0,1.0,0.0,1.0,1.0,#770000,0.2426769860884533,0.89
540,1,0.9,0,Self-isolation (SI),0.0,0.0,0.0,0.0,0.0,0.0,#8C9EDE,0.23000000000000054,0.9
541,1,0.9,1,SI and 60+ social distancing (SD),0.0,0.0,0.5,0.0,0.7,0.9,#65C8D0,0.22104866094910788,0.9
542,1,0.9,2,SI; 25-59 and 60+ SD,0.0,0.5,0.5,0.0,0.7,0.9,#00767B,0.20396929290819416,0.9
543,1,0.9,3,SI; 0-24 and 60+ SD,0.7,0.0,0.5,0.2,0.7,0.9,#285C9F,0.15865817865823456,0.9
544,1,0.9,4,"SI; 0-24, 25-59 and 60+ SD",0.7,0.5,0.5,0.2,0.7,0.9,#04375E,0.11680551603722383,0.9
545,1,0.9,5,SI and no 60+ contacts,0.0,0.0,1.0,0.0,1.0,1.0,#770000,0.22061544189859417,0.9
546,1,0.91,0,Self-isolation (SI),0.0,0.0,0.0,0.0,0.0,0.0,#8C9EDE,0.20700000000000066,0.91
547,1,0.91,1,SI and 60+ social distancing (SD),0.0,0.0,0.5,0.0,0.7,0.9,#65C8D0,0.1989437948541973,0.91
548,1,0.91,2,SI; 25-59 and 60+ SD,0.0,0.5,0.5,0.0,0.7,0.9,#00767B,0.1835723636173745,0.91
549,1,0.91,3,SI; 0-24 and 60+ SD,0.7,0.0,0.5,0.2,0.7,0.9,#285C9F,0.14279236079241142,0.91
550,1,0.91,4,"SI; 0-24, 25-59 and 60+ SD",0.7,0.5,0.5,0.2,0.7,0.9,#04375E,0.1051249644335014,0.91
551,1,0.91,5,SI and no 60+ contacts,0.0,0.0,1.0,0.0,1.0,1.0,#770000,0.19855389770873466,0.91
552,1,0.92,0,Self-isolation (SI),0.0,0.0,0.0,0.0,0.0,0.0,#8C9EDE,0.18400000000000039,0.92
553,1,0.92,1,SI and 60+ social distancing (SD),0.0,0.0,0.5,0.0,0.7,0.9,#65C8D0,0.17683892875928664,0.92
554,1,0.92,2,SI; 25-59 and 60+ SD,0.0,0.5,0.5,0.0,0.7,0.9,#00767B,0.16317543432655537,0.92
555,1,0.92,3,SI; 0-24 and 60+ SD,0.7,0.0,0.5,0.2,0.7,0.9,#285C9F,0.12692654292658773,0.92
556,1,0.92,4,"SI; 0-24, 25-59 and 60+ SD",0.7,0.5,0.5,0.2,0.7,0.9,#04375E,0.09344441282977911,0.92
557,1,0.92,5,SI and no 60+ contacts,0.0,0.0,1.0,0.0,1.0,1.0,#770000,0.1764923535188752,0.92
558,1,0.93,0,Self-isolation (SI),0.0,0.0,0.0,0.0,0.0,0.0,#8C9EDE,0.16099999999999967,0.93
559,1,0.93,1,SI and 60+ social distancing (SD),0.0,0.0,0.5,0.0,0.7,0.9,#65C8D0,0.1547340626643757,0.93
560,1,0.93,2,SI; 25-59 and 60+ SD,0.0,0.5,0.5,0.0,0.7,0.9,#00767B,0.14277850503573566,0.93
561,1,0.93,3,SI; 0-24 and 60+ SD,0.7,0.0,0.5,0.2,0.7,0.9,#285C9F,0.11106072506076443,0.93
562,1,0.93,4,"SI; 0-24, 25-59 and 60+ SD",0.7,0.5,0.5,0.2,0.7,0.9,#04375E,0.08176386122605665,0.93
563,1,0.93,5,SI and no 60+ contacts,0.0,0.0,1.0,0.0,1.0,1.0,#770000,0.1544308093290158,0.93
564,1,0.9400000000000001,0,Self-isolation (SI),0.0,0.0,0.0,0.0,0.0,0.0,#8C9EDE,0.13799999999999987,0.9400000000000001
565,1,0.9400000000000001,1,SI and 60+ social distancing (SD),0.0,0.0,0.5,0.0,0.7,0.9,#65C8D0,0.13262919656946487,0.9400000000000001
566,1,0.9400000000000001,2,SI; 25-59 and 60+ SD,0.0,0.5,0.5,0.0,0.7,0.9,#00767B,0.12238157574491618,0.9400000000000001
567,1,0.9400000000000001,3,SI; 0-24 and 60+ SD,0.7,0.0,0.5,0.2,0.7,0.9,#285C9F,0.0951949071949408,0.9400000000000001
568,1,0.9400000000000001,4,"SI; 0-24, 25-59 and 60+ SD",0.7,0.5,0.5,0.2,0.7,0.9,#04375E,0.07008330962233433,0.9400000000000001
569,1,0.9400000000000001,5,SI and no 60+ contacts,0.0,0.0,1.0,0.0,1.0,1.0,#770000,0.1323692651391564,0.9400000000000001
570,1,0.9500000000000001,0,Self-isolation (SI),0.0,0.0,0.0,0.0,0.0,0.0,#8C9EDE,0.11500000000000013,0.9500000000000001
571,1,0.9500000000000001,1,SI and 60+ social distancing (SD),0.0,0.0,0.5,0.0,0.7,0.9,#65C8D0,0.11052433047455389,0.9500000000000001
572,1,0.9500000000000001,2,SI; 25-59 and 60+ SD,0.0,0.5,0.5,0.0,0.7,0.9,#00767B,0.10198464645409694,0.9500000000000001
573,1,0.9500000000000001,3,SI; 0-24 and 60+ SD,0.7,0.0,0.5,0.2,0.7,0.9,#285C9F,0.07932908932911725,0.9500000000000001
574,1,0.9500000000000001,4,"SI; 0-24, 25-59 and 60+ SD",0.7,0.5,0.5,0.2,0.7,0.9,#04375E,0.058402758018611896,0.9500000000000001
575,1,0.9500000000000001,5,SI and no 60+ contacts,0.0,0.0,1.0,0.0,1.0,1.0,#770000,0.11030772094929692,0.9500000000000001
576,1,0.96,0,Self-isolation (SI),0.0,0.0,0.0,0.0,0.0,0.0,#8C9EDE,0.09200000000000025,0.96
577,1,0.96,1,SI and 60+ social distancing (SD),0.0,0.0,0.5,0.0,0.7,0.9,#65C8D0,0.08841946437964342,0.96
578,1,0.96,2,SI; 25-59 and 60+ SD,0.0,0.5,0.5,0.0,0.7,0.9,#00767B,0.08158771716327778,0.96
579,1,0.96,3,SI; 0-24 and 60+ SD,0.7,0.0,0.5,0.2,0.7,0.9,#285C9F,0.06346327146329392,0.96
580,1,0.96,4,"SI; 0-24, 25-59 and 60+ SD",0.7,0.5,0.5,0.2,0.7,0.9,#04375E,0.04672220641488962,0.96
581,1,0.96,5,SI and no 60+ contacts,0.0,0.0,1.0,0.0,1.0,1.0,#770000,0.08824617675943774,0.96
582,1,0.97,0,Self-isolation (SI),0.0,0.0,0.0,0.0,0.0,0.0,#8C9EDE,0.06900000000000014,0.97
583,1,0.97,1,SI and 60+ social distancing (SD),0.0,0.0,0.5,0.0,0.7,0.9,#65C8D0,0.06631459828473256,0.97
584,1,0.97,2,SI; 25-59 and 60+ SD,0.0,0.5,0.5,0.0,0.7,0.9,#00767B,0.061190787872458234,0.97
585,1,0.97,3,SI; 0-24 and 60+ SD,0.7,0.0,0.5,0.2,0.7,0.9,#285C9F,0.04759745359747049,0.97
586,1,0.97,4,"SI; 0-24, 25-59 and 60+ SD",0.7,0.5,0.5,0.2,0.7,0.9,#04375E,0.03504165481116722,0.97
587,1,0.97,5,SI and no 60+ contacts,0.0,0.0,1.0,0.0,1.0,1.0,#770000,0.06618463256957836,0.97
588,1,0.98,0,Self-isolation (SI),0.0,0.0,0.0,0.0,0.0,0.0,#8C9EDE,0.046000000000000124,0.98
589,1,0.98,1,SI and 60+ social distancing (SD),0.0,0.0,0.5,0.0,0.7,0.9,#65C8D0,0.0442097321898217,0.98
590,1,0.98,2,SI; 25-59 and 60+ SD,0.0,0.5,0.5,0.0,0.7,0.9,#00767B,0.04079385858163889,0.98
591,1,0.98,3,SI; 0-24 and 60+ SD,0.7,0.0,0.5,0.2,0.7,0.9,#285C9F,0.03173163573164696,0.98
592,1,0.98,4,"SI; 0-24, 25-59 and 60+ SD",0.7,0.5,0.5,0.2,0.7,0.9,#04375E,0.02336110320744481,0.98
593,1,0.98,5,SI and no 60+ contacts,0.0,0.0,1.0,0.0,1.0,1.0,#770000,0.04412308837971888,0.98
594,1,0.99,0,Self-isolation (SI),0.0,0.0,0.0,0.0,0.0,0.0,#8C9EDE,0.023000000000000062,0.99
595,1,0.99,1,SI and 60+ social distancing (SD),0.0,0.0,0.5,0.0,0.7,0.9,#65C8D0,0.022104866094910854,0.99
596,1,0.99,2,SI; 25-59 and 60+ SD,0.0,0.5,0.5,0.0,0.7,0.9,#00767B,0.020396929290819446,0.99
597,1,0.99,3,SI; 0-24 and 60+ SD,0.7,0.0,0.5,0.2,0.7,0.9,#285C9F,0.01586581786582348,0.99
598,1,0.99,4,"SI; 0-24, 25-59 and 60+ SD",0.7,0.5,0.5,0.2,0.7,0.9,#04375E,0.011680551603722404,0.99
599,1,0.99,5,SI and no 60+ contacts,0.0,0.0,1.0,0.0,1.0,1.0,#770000,0.022061544189859436,0.99
600,1,1.0,0,Self-isolation (SI),0.0,0.0,0.0,0.0,0.0,0.0,#8C9EDE,0.0,1.0
601,1,1.0,1,SI and 60+ social distancing (SD),0.0,0.0,0.5,0.0,0.7,0.9,#65C8D0,0.0,1.0
602,1,1.0,2,SI; 25-59 and 60+ SD,0.0,0.5,0.5,0.0,0.7,0.9,#00767B,0.0,1.0
603,1,1.0,3,SI; 0-24 and 60+ SD,0.7,0.0,0.5,0.2,0.7,0.9,#285C9F,0.0,1.0
604,1,1.0,4,"SI; 0-24, 25-59 and 60+ SD",0.7,0.5,0.5,0.2,0.7,0.9,#04375E,0.0,1.0
605,1,1.0,5,SI and no 60+ contacts,0.0,0.0,1.0,0.0,1.0,1.0,#770000,0.0,1.0
